-- MySQL dump 10.13  Distrib 8.0.21, for Linux (x86_64)
--
-- Host: 127.0.0.1    Database: spmd-trello
-- ------------------------------------------------------
-- Server version	8.0.21-0ubuntu0.20.04.4

/*!40101 SET @OLD_CHARACTER_SET_CLIENT=@@CHARACTER_SET_CLIENT */;
/*!40101 SET @OLD_CHARACTER_SET_RESULTS=@@CHARACTER_SET_RESULTS */;
/*!40101 SET @OLD_COLLATION_CONNECTION=@@COLLATION_CONNECTION */;
/*!50503 SET NAMES utf8mb4 */;
/*!40103 SET @OLD_TIME_ZONE=@@TIME_ZONE */;
/*!40103 SET TIME_ZONE='+00:00' */;
/*!40014 SET @OLD_UNIQUE_CHECKS=@@UNIQUE_CHECKS, UNIQUE_CHECKS=0 */;
/*!40014 SET @OLD_FOREIGN_KEY_CHECKS=@@FOREIGN_KEY_CHECKS, FOREIGN_KEY_CHECKS=0 */;
/*!40101 SET @OLD_SQL_MODE=@@SQL_MODE, SQL_MODE='NO_AUTO_VALUE_ON_ZERO' */;
/*!40111 SET @OLD_SQL_NOTES=@@SQL_NOTES, SQL_NOTES=0 */;

--
-- Table structure for table `action`
--

DROP TABLE IF EXISTS `action`;
/*!40101 SET @saved_cs_client     = @@character_set_client */;
/*!50503 SET character_set_client = utf8mb4 */;
CREATE TABLE `action` (
  `id` varchar(255) NOT NULL,
  `data` mediumtext,
  `date_created` datetime(6) DEFAULT NULL,
  `date_last_modified` datetime(6) DEFAULT NULL,
  `type` varchar(255) DEFAULT NULL,
  `id_board` varchar(255) NOT NULL,
  `id_member` varchar(255) NOT NULL,
  PRIMARY KEY (`id`),
  KEY `FKpmdt710pmu91c8prrtmkx771o` (`id_board`),
  KEY `FKfr14k7kt5l5i1jhha8sucrko6` (`id_member`),
  CONSTRAINT `FKfr14k7kt5l5i1jhha8sucrko6` FOREIGN KEY (`id_member`) REFERENCES `member` (`id`),
  CONSTRAINT `FKpmdt710pmu91c8prrtmkx771o` FOREIGN KEY (`id_board`) REFERENCES `board` (`id`)
) ENGINE=InnoDB DEFAULT CHARSET=utf8mb4 COLLATE=utf8mb4_0900_ai_ci;
/*!40101 SET character_set_client = @saved_cs_client */;

--
-- Dumping data for table `action`
--

LOCK TABLES `action` WRITE;
/*!40000 ALTER TABLE `action` DISABLE KEYS */;
INSERT INTO `action` VALUES ('5ee7c7fc62811c17156e4ac9','{\"old\":{\"idList\":\"5ee7bcd353b87b0720ab8a5f\"},\"card\":{\"idList\":\"5ee7bcd2d3a6566e8f2b0409\",\"id\":\"5ee7bcd8a0463d706a85812d\",\"name\":\"Card One\",\"idShort\":1,\"shortLink\":\"JROYw09O\"},\"board\":{\"id\":\"5ee7b549ee138d16593b535b\",\"name\":\"testBoard3\",\"shortLink\":\"p2az53Kb\"},\"listBefore\":{\"id\":\"5ee7bcd353b87b0720ab8a5f\",\"name\":\"List Two\"},\"listAfter\":{\"id\":\"5ee7bcd2d3a6566e8f2b0409\",\"name\":\"List One\"}}','2020-06-15 19:11:56.922000','2020-06-15 19:13:28.690629','updateCard','5ee7b549ee138d16593b535b','58d89301cd53f765b45d1f32'),('5ee7c801cc531a156b5222e4','{\"old\":{\"idList\":\"5ee7bcd2d3a6566e8f2b0409\"},\"card\":{\"idList\":\"5ee7bcd353b87b0720ab8a5f\",\"id\":\"5ee7bcd8a0463d706a85812d\",\"name\":\"Card One\",\"idShort\":1,\"shortLink\":\"JROYw09O\"},\"board\":{\"id\":\"5ee7b549ee138d16593b535b\",\"name\":\"testBoard3\",\"shortLink\":\"p2az53Kb\"},\"listBefore\":{\"id\":\"5ee7bcd2d3a6566e8f2b0409\",\"name\":\"List One\"},\"listAfter\":{\"id\":\"5ee7bcd353b87b0720ab8a5f\",\"name\":\"List Two\"}}','2020-06-15 19:12:01.899000','2020-06-15 19:12:42.581572','updateCard','5ee7b549ee138d16593b535b','58d89301cd53f765b45d1f32'),('5ee7c801cc531a156b5222e6','{\"old\":{\"pos\":65535},\"card\":{\"pos\":196607,\"id\":\"5ee7bcd8a0463d706a85812d\",\"name\":\"Card One\",\"idShort\":1,\"shortLink\":\"JROYw09O\"},\"board\":{\"id\":\"5ee7b549ee138d16593b535b\",\"name\":\"testBoard3\",\"shortLink\":\"p2az53Kb\"},\"list\":{\"id\":\"5ee7bcd353b87b0720ab8a5f\",\"name\":\"List Two\"}}','2020-06-15 19:12:01.923000','2020-06-15 19:12:44.943219','updateCard','5ee7b549ee138d16593b535b','58d89301cd53f765b45d1f32'),('5ee7c89569554b793726bb39','{\"card\":{\"id\":\"5ee7c89569554b793726bb37\",\"name\":\"new\",\"idShort\":3,\"shortLink\":\"boMRrpee\"},\"list\":{\"id\":\"5ee7bcd2d3a6566e8f2b0409\",\"name\":\"List One\"},\"board\":{\"id\":\"5ee7b549ee138d16593b535b\",\"name\":\"testBoard3\",\"shortLink\":\"p2az53Kb\"}}','2020-06-15 19:14:29.658000','2020-06-15 19:14:30.126629','createCard','5ee7b549ee138d16593b535b','58d89301cd53f765b45d1f32'),('5ee7c89e1e576368b2372e81','{\"old\":{\"desc\":\"\"},\"card\":{\"desc\":\"New2\",\"id\":\"5ee7c89569554b793726bb37\",\"name\":\"new\",\"idShort\":3,\"shortLink\":\"boMRrpee\"},\"board\":{\"id\":\"5ee7b549ee138d16593b535b\",\"name\":\"testBoard3\",\"shortLink\":\"p2az53Kb\"},\"list\":{\"id\":\"5ee7bcd2d3a6566e8f2b0409\",\"name\":\"List One\"}}','2020-06-15 19:14:38.468000','2020-06-15 19:14:38.944436','updateCard','5ee7b549ee138d16593b535b','58d89301cd53f765b45d1f32'),('5ee7c8a36fcf5e1f2670c182','{\"old\":{\"name\":\"new\"},\"card\":{\"name\":\"Old\",\"id\":\"5ee7c89569554b793726bb37\",\"idShort\":3,\"shortLink\":\"boMRrpee\"},\"board\":{\"id\":\"5ee7b549ee138d16593b535b\",\"name\":\"testBoard3\",\"shortLink\":\"p2az53Kb\"},\"list\":{\"id\":\"5ee7bcd2d3a6566e8f2b0409\",\"name\":\"List One\"}}','2020-06-15 19:14:43.291000','2020-06-15 19:14:43.772747','updateCard','5ee7b549ee138d16593b535b','58d89301cd53f765b45d1f32'),('5ee7c8a5bb89367e876c4831','{\"old\":{\"desc\":\"New2\"},\"card\":{\"desc\":\"Old2\",\"id\":\"5ee7c89569554b793726bb37\",\"name\":\"Old\",\"idShort\":3,\"shortLink\":\"boMRrpee\"},\"board\":{\"id\":\"5ee7b549ee138d16593b535b\",\"name\":\"testBoard3\",\"shortLink\":\"p2az53Kb\"},\"list\":{\"id\":\"5ee7bcd2d3a6566e8f2b0409\",\"name\":\"List One\"}}','2020-06-15 19:14:45.699000','2020-06-15 19:14:46.173121','updateCard','5ee7b549ee138d16593b535b','58d89301cd53f765b45d1f32'),('5ee7caa9f6535453e8792083','{\"old\":{\"desc\":\"\"},\"card\":{\"desc\":\"some desc\",\"id\":\"5ee7bcd8a0463d706a85812d\",\"name\":\"Card One\",\"idShort\":1,\"shortLink\":\"JROYw09O\"},\"board\":{\"id\":\"5ee7b549ee138d16593b535b\",\"name\":\"testBoard3\",\"shortLink\":\"p2az53Kb\"},\"list\":{\"id\":\"5ee7bcd353b87b0720ab8a5f\",\"name\":\"List Two\"}}','2020-06-15 19:23:21.172000','2020-06-15 19:23:21.659443','updateCard','5ee7b549ee138d16593b535b','58d89301cd53f765b45d1f32'),('5f5c581f6cf5f88475fc591c','{\"old\":{\"pos\":81920},\"list\":{\"pos\":180224,\"id\":\"5e931d737b15be8f0a28cf93\",\"name\":\"Domain Structure\"},\"board\":{\"id\":\"5e844d43482bed3fe97669da\",\"name\":\"Covid 9-Team\",\"shortLink\":\"93lkA8NH\"}}','2020-09-12 15:09:51.520000','2020-09-12 15:09:52.035155','updateList','5e844d43482bed3fe97669da','58d89301cd53f765b45d1f32'),('5f5c58202d101770a57f7528','{\"old\":{\"pos\":212992},\"list\":{\"pos\":81920,\"id\":\"5e931d87b6c4923822b30cab\",\"name\":\"Vision Statement\"},\"board\":{\"id\":\"5e844d43482bed3fe97669da\",\"name\":\"Covid 9-Team\",\"shortLink\":\"93lkA8NH\"}}','2020-09-12 15:09:52.288000','2020-09-12 15:09:52.782509','updateList','5e844d43482bed3fe97669da','58d89301cd53f765b45d1f32'),('5f5c583f40a4dc4f18386985','{\"old\":{\"pos\":229375},\"list\":{\"pos\":90111,\"id\":\"5f5c5762e82773415a6b7043\",\"name\":\"foo\"},\"board\":{\"id\":\"5ee7d560904e87427e0a1464\",\"name\":\"test\",\"shortLink\":\"pEqMYblR\"}}','2020-09-12 15:10:23.695000','2020-09-12 15:10:24.164284','updateList','5ee7d560904e87427e0a1464','58d89301cd53f765b45d1f32'),('5f5c58418c906c716b32ec24','{\"old\":{\"idList\":\"5ee7d560904e87427e0a1467\"},\"card\":{\"idList\":\"5f5c57638ae0615ed283f1b7\",\"id\":\"5f5c576968648a20290b890d\",\"name\":\"baz\",\"idShort\":11,\"shortLink\":\"LlGrfgVk\"},\"board\":{\"id\":\"5ee7d560904e87427e0a1464\",\"name\":\"test\",\"shortLink\":\"pEqMYblR\"},\"listBefore\":{\"id\":\"5ee7d560904e87427e0a1467\",\"name\":\"wd\"},\"listAfter\":{\"id\":\"5f5c57638ae0615ed283f1b7\",\"name\":\"bar\"}}','2020-09-12 15:10:25.314000','2020-09-12 15:10:25.836996','updateCard','5ee7d560904e87427e0a1464','58d89301cd53f765b45d1f32'),('5f5c58418c906c716b32ec26','{\"old\":{\"pos\":65535},\"card\":{\"pos\":131071,\"id\":\"5f5c576968648a20290b890d\",\"name\":\"baz\",\"idShort\":11,\"shortLink\":\"LlGrfgVk\"},\"board\":{\"id\":\"5ee7d560904e87427e0a1464\",\"name\":\"test\",\"shortLink\":\"pEqMYblR\"},\"list\":{\"id\":\"5f5c57638ae0615ed283f1b7\",\"name\":\"bar\"}}','2020-09-12 15:10:25.336000','2020-09-12 15:10:25.838497','updateCard','5ee7d560904e87427e0a1464','58d89301cd53f765b45d1f32'),('5f5c5842f2ab562e1e8f822a','{\"old\":{\"idList\":\"5f5c57638ae0615ed283f1b7\"},\"card\":{\"idList\":\"5ee7d560904e87427e0a1467\",\"id\":\"5f5c5765f92c79154ebbe37e\",\"name\":\"blah\",\"idShort\":10,\"shortLink\":\"XVOBWDYT\"},\"board\":{\"id\":\"5ee7d560904e87427e0a1464\",\"name\":\"test\",\"shortLink\":\"pEqMYblR\"},\"listBefore\":{\"id\":\"5f5c57638ae0615ed283f1b7\",\"name\":\"bar\"},\"listAfter\":{\"id\":\"5ee7d560904e87427e0a1467\",\"name\":\"wd\"}}','2020-09-12 15:10:26.358000','2020-09-12 15:10:26.842897','updateCard','5ee7d560904e87427e0a1464','58d89301cd53f765b45d1f32'),('5f5c58448d852d294c159395','{\"card\":{\"id\":\"5f5c58448d852d294c159394\",\"name\":\"dw\",\"idShort\":12,\"shortLink\":\"uLE9cwcg\"},\"list\":{\"id\":\"5f5c575cd155993b6f023802\",\"name\":\"list two\"},\"board\":{\"id\":\"5ee7d560904e87427e0a1464\",\"name\":\"test\",\"shortLink\":\"pEqMYblR\"}}','2020-09-12 15:10:28.338000','2020-09-12 15:10:28.855188','createCard','5ee7d560904e87427e0a1464','58d89301cd53f765b45d1f32'),('5f5c5847a8ce586da303ac52','{\"old\":{\"closed\":false},\"card\":{\"closed\":true,\"id\":\"5f5c575f6ed44a78c95e25ec\",\"name\":\"bluh\'\",\"idShort\":9,\"shortLink\":\"vsOkrPtW\"},\"board\":{\"id\":\"5ee7d560904e87427e0a1464\",\"name\":\"test\",\"shortLink\":\"pEqMYblR\"},\"list\":{\"id\":\"5f5c575cd155993b6f023802\",\"name\":\"list two\"}}','2020-09-12 15:10:31.378000','2020-09-12 15:10:31.883899','updateCard','5ee7d560904e87427e0a1464','58d89301cd53f765b45d1f32'),('5f5c584ae2f3f6774cd2892b','{\"old\":{\"closed\":false},\"list\":{\"closed\":true,\"id\":\"5f5c575cd155993b6f023802\",\"name\":\"list two\"},\"board\":{\"id\":\"5ee7d560904e87427e0a1464\",\"name\":\"test\",\"shortLink\":\"pEqMYblR\"}}','2020-09-12 15:10:34.767000','2020-09-12 15:10:35.240003','updateList','5ee7d560904e87427e0a1464','58d89301cd53f765b45d1f32'),('5f5c584b1e46404a96e66531','{\"old\":{\"pos\":114687},\"list\":{\"pos\":327679,\"id\":\"5ee7d560904e87427e0a1467\",\"name\":\"wd\"},\"board\":{\"id\":\"5ee7d560904e87427e0a1464\",\"name\":\"test\",\"shortLink\":\"pEqMYblR\"}}','2020-09-12 15:10:35.888000','2020-09-12 15:10:36.369513','updateList','5ee7d560904e87427e0a1464','58d89301cd53f765b45d1f32'),('5f5c584d8313ce829a19f74f','{\"list\":{\"id\":\"5f5c584d8313ce829a19f74d\",\"name\":\"dw\"},\"board\":{\"id\":\"5ee7d560904e87427e0a1464\",\"name\":\"test\",\"shortLink\":\"pEqMYblR\"}}','2020-09-12 15:10:37.252000','2020-09-12 15:10:37.726095','createList','5ee7d560904e87427e0a1464','58d89301cd53f765b45d1f32'),('5f5c585065c8f75bc579b509','{\"old\":{\"idList\":\"5f5c5762e82773415a6b7043\"},\"card\":{\"idList\":\"5ee7d560904e87427e0a1465\",\"id\":\"5ee7d560904e87427e0a146f\",\"name\":\"Mastering Trello Cards\",\"idShort\":3,\"shortLink\":\"gt6UJ8di\"},\"board\":{\"id\":\"5ee7d560904e87427e0a1464\",\"name\":\"test\",\"shortLink\":\"pEqMYblR\"},\"listBefore\":{\"id\":\"5f5c5762e82773415a6b7043\",\"name\":\"foo\"},\"listAfter\":{\"id\":\"5ee7d560904e87427e0a1465\",\"name\":\"Stuff To Try (this is a list)\"}}','2020-09-12 15:10:40.436000','2020-09-12 15:10:40.922454','updateCard','5ee7d560904e87427e0a1464','58d89301cd53f765b45d1f32'),('5f5c585107999485a6c875f2','{\"old\":{\"idList\":\"5ee7d560904e87427e0a1468\"},\"card\":{\"idList\":\"5f5c5762e82773415a6b7043\",\"id\":\"5ee7d560904e87427e0a1477\",\"name\":\"This is a card. Drag it to the \\\"Tried It\\\" List to show it\'s done. â†’\",\"idShort\":1,\"shortLink\":\"7AQzVT0A\"},\"board\":{\"id\":\"5ee7d560904e87427e0a1464\",\"name\":\"test\",\"shortLink\":\"pEqMYblR\"},\"listBefore\":{\"id\":\"5ee7d560904e87427e0a1468\",\"name\":\"newCard\"},\"listAfter\":{\"id\":\"5f5c5762e82773415a6b7043\",\"name\":\"foo\"}}','2020-09-12 15:10:41.084000','2020-09-12 15:10:41.582331','updateCard','5ee7d560904e87427e0a1464','58d89301cd53f765b45d1f32'),('5f5c58515c3d11083a6a679c','{\"old\":{\"idList\":\"5ee7d560904e87427e0a1468\"},\"card\":{\"idList\":\"5f5c5762e82773415a6b7043\",\"id\":\"5ee7d560904e87427e0a1470\",\"name\":\"Create Your First Board\",\"idShort\":4,\"shortLink\":\"UTRAFwn0\"},\"board\":{\"id\":\"5ee7d560904e87427e0a1464\",\"name\":\"test\",\"shortLink\":\"pEqMYblR\"},\"listBefore\":{\"id\":\"5ee7d560904e87427e0a1468\",\"name\":\"newCard\"},\"listAfter\":{\"id\":\"5f5c5762e82773415a6b7043\",\"name\":\"foo\"}}','2020-09-12 15:10:41.672000','2020-09-12 15:10:42.164469','updateCard','5ee7d560904e87427e0a1464','58d89301cd53f765b45d1f32'),('5f5c5852b7d18d368f683d7d','{\"old\":{\"idList\":\"5ee7d560904e87427e0a1468\"},\"card\":{\"idList\":\"5f5c5762e82773415a6b7043\",\"id\":\"5ee7d560904e87427e0a147d\",\"name\":\"Power-Ups, Integrations, APIs, oh my!\",\"idShort\":5,\"shortLink\":\"XTcPButJ\"},\"board\":{\"id\":\"5ee7d560904e87427e0a1464\",\"name\":\"test\",\"shortLink\":\"pEqMYblR\"},\"listBefore\":{\"id\":\"5ee7d560904e87427e0a1468\",\"name\":\"newCard\"},\"listAfter\":{\"id\":\"5f5c5762e82773415a6b7043\",\"name\":\"foo\"}}','2020-09-12 15:10:42.977000','2020-09-12 15:10:43.535074','updateCard','5ee7d560904e87427e0a1464','58d89301cd53f765b45d1f32'),('5f5c5852b7d18d368f683d7f','{\"old\":{\"pos\":364543},\"card\":{\"pos\":380927,\"id\":\"5ee7d560904e87427e0a147d\",\"name\":\"Power-Ups, Integrations, APIs, oh my!\",\"idShort\":5,\"shortLink\":\"XTcPButJ\"},\"board\":{\"id\":\"5ee7d560904e87427e0a1464\",\"name\":\"test\",\"shortLink\":\"pEqMYblR\"},\"list\":{\"id\":\"5f5c5762e82773415a6b7043\",\"name\":\"foo\"}}','2020-09-12 15:10:42.998000','2020-09-12 15:10:43.501484','updateCard','5ee7d560904e87427e0a1464','58d89301cd53f765b45d1f32'),('5f5c5852f3731d7039d82a7c','{\"old\":{\"idList\":\"5f5c57638ae0615ed283f1b7\"},\"card\":{\"idList\":\"5ee7d560904e87427e0a1467\",\"id\":\"5f5c576968648a20290b890d\",\"name\":\"baz\",\"idShort\":11,\"shortLink\":\"LlGrfgVk\"},\"board\":{\"id\":\"5ee7d560904e87427e0a1464\",\"name\":\"test\",\"shortLink\":\"pEqMYblR\"},\"listBefore\":{\"id\":\"5f5c57638ae0615ed283f1b7\",\"name\":\"bar\"},\"listAfter\":{\"id\":\"5ee7d560904e87427e0a1467\",\"name\":\"wd\"}}','2020-09-12 15:10:42.362000','2020-09-12 15:10:42.901628','updateCard','5ee7d560904e87427e0a1464','58d89301cd53f765b45d1f32'),('5f5c5852f3731d7039d82a7e','{\"old\":{\"pos\":131071},\"card\":{\"pos\":32767.5,\"id\":\"5f5c576968648a20290b890d\",\"name\":\"baz\",\"idShort\":11,\"shortLink\":\"LlGrfgVk\"},\"board\":{\"id\":\"5ee7d560904e87427e0a1464\",\"name\":\"test\",\"shortLink\":\"pEqMYblR\"},\"list\":{\"id\":\"5ee7d560904e87427e0a1467\",\"name\":\"wd\"}}','2020-09-12 15:10:42.388000','2020-09-12 15:10:42.898662','updateCard','5ee7d560904e87427e0a1464','58d89301cd53f765b45d1f32'),('5f5c58540587174e13f36d67','{\"old\":{\"pos\":90111},\"list\":{\"pos\":294911,\"id\":\"5f5c5762e82773415a6b7043\",\"name\":\"foo\"},\"board\":{\"id\":\"5ee7d560904e87427e0a1464\",\"name\":\"test\",\"shortLink\":\"pEqMYblR\"}}','2020-09-12 15:10:44.980000','2020-09-12 15:10:45.451371','updateList','5ee7d560904e87427e0a1464','58d89301cd53f765b45d1f32'),('5f5c58541eee2320be4ee721','{\"old\":{\"pos\":393215},\"list\":{\"pos\":126975,\"id\":\"5f5c584d8313ce829a19f74d\",\"name\":\"dw\"},\"board\":{\"id\":\"5ee7d560904e87427e0a1464\",\"name\":\"test\",\"shortLink\":\"pEqMYblR\"}}','2020-09-12 15:10:44.243000','2020-09-12 15:10:44.753168','updateList','5ee7d560904e87427e0a1464','58d89301cd53f765b45d1f32'),('5f5c5855d68517053c526bcb','{\"old\":{\"pos\":327679},\"list\":{\"pos\":212991,\"id\":\"5ee7d560904e87427e0a1467\",\"name\":\"wd\"},\"board\":{\"id\":\"5ee7d560904e87427e0a1464\",\"name\":\"test\",\"shortLink\":\"pEqMYblR\"}}','2020-09-12 15:10:45.649000','2020-09-12 15:10:46.120259','updateList','5ee7d560904e87427e0a1464','58d89301cd53f765b45d1f32'),('5f5c5856a1c0c41bbd2969bc','{\"old\":{\"pos\":65535},\"list\":{\"pos\":145407,\"id\":\"5ee7d560904e87427e0a1465\",\"name\":\"Stuff To Try (this is a list)\"},\"board\":{\"id\":\"5ee7d560904e87427e0a1464\",\"name\":\"test\",\"shortLink\":\"pEqMYblR\"}}','2020-09-12 15:10:46.550000','2020-09-12 15:10:47.038737','updateList','5ee7d560904e87427e0a1464','58d89301cd53f765b45d1f32'),('5f5c585718ead31ae045dbc5','{\"old\":{\"pos\":188415},\"list\":{\"pos\":154623,\"id\":\"5f5c584d8313ce829a19f74d\",\"name\":\"dw\"},\"board\":{\"id\":\"5ee7d560904e87427e0a1464\",\"name\":\"test\",\"shortLink\":\"pEqMYblR\"}}','2020-09-12 15:10:47.836000','2020-09-12 15:10:48.320393','updateList','5ee7d560904e87427e0a1464','58d89301cd53f765b45d1f32'),('5f5c5857e67fcc8812f1fe97','{\"old\":{\"pos\":126975},\"list\":{\"pos\":188415,\"id\":\"5f5c584d8313ce829a19f74d\",\"name\":\"dw\"},\"board\":{\"id\":\"5ee7d560904e87427e0a1464\",\"name\":\"test\",\"shortLink\":\"pEqMYblR\"}}','2020-09-12 15:10:47.221000','2020-09-12 15:10:47.701135','updateList','5ee7d560904e87427e0a1464','58d89301cd53f765b45d1f32'),('5f5c6eae7d55462601f0f220','{\"list\":{\"id\":\"5f5c6eae7d55462601f0f21e\",\"name\":\"Test List\"},\"board\":{\"id\":\"5e844d43482bed3fe97669da\",\"name\":\"Covid 9-Team\",\"shortLink\":\"93lkA8NH\"}}','2020-09-12 16:46:06.969000','2020-09-12 16:46:07.458068','createList','5e844d43482bed3fe97669da','5e844d79813c145d5bdec037'),('5f5c6ec650a1db3ae5dfc188','{\"list\":{\"id\":\"5f5c6ec650a1db3ae5dfc186\",\"name\":\"List 3 (Create)\"},\"board\":{\"id\":\"5ee0bd5e35ede70ba51fa59a\",\"name\":\"test\",\"shortLink\":\"4ehxdgw5\"}}','2020-09-12 16:46:30.686000','2020-09-12 16:46:31.157455','createList','5ee0bd5e35ede70ba51fa59a','5e844d79813c145d5bdec037'),('5f5c6ed38958322f0f2ef5ac','{\"old\":{\"pos\":196607},\"list\":{\"pos\":32767,\"id\":\"5f5c6ec650a1db3ae5dfc186\",\"name\":\"List 3 (Create)\"},\"board\":{\"id\":\"5ee0bd5e35ede70ba51fa59a\",\"name\":\"test\",\"shortLink\":\"4ehxdgw5\"}}','2020-09-12 16:46:43.122000','2020-09-12 16:46:43.591814','updateList','5ee0bd5e35ede70ba51fa59a','5e844d79813c145d5bdec037'),('5f5c6edf081ea83abcb58766','{\"old\":{\"name\":\"List 3 (Create)\"},\"list\":{\"name\":\"List 3 (Create) + Update Name\",\"id\":\"5f5c6ec650a1db3ae5dfc186\"},\"board\":{\"id\":\"5ee0bd5e35ede70ba51fa59a\",\"name\":\"test\",\"shortLink\":\"4ehxdgw5\"}}','2020-09-12 16:46:55.923000','2020-09-12 16:46:56.396493','updateList','5ee0bd5e35ede70ba51fa59a','5e844d79813c145d5bdec037'),('5f5c6fbbd016714aa0789056','{\"card\":{\"id\":\"5f5c6fbbd016714aa0789055\",\"name\":\"Test card\",\"idShort\":3,\"shortLink\":\"gS290SJo\"},\"list\":{\"id\":\"5f5c6ec650a1db3ae5dfc186\",\"name\":\"List 3 (Create) + Update Name\"},\"board\":{\"id\":\"5ee0bd5e35ede70ba51fa59a\",\"name\":\"test\",\"shortLink\":\"4ehxdgw5\"}}','2020-09-12 16:50:35.510000','2020-09-12 16:50:35.997798','createCard','5ee0bd5e35ede70ba51fa59a','5e844d79813c145d5bdec037'),('5f5c6fc6e50f66248b72da26','{\"old\":{\"name\":\"Test card\"},\"card\":{\"name\":\"Test card (Update name)\",\"id\":\"5f5c6fbbd016714aa0789055\",\"idShort\":3,\"shortLink\":\"gS290SJo\"},\"board\":{\"id\":\"5ee0bd5e35ede70ba51fa59a\",\"name\":\"test\",\"shortLink\":\"4ehxdgw5\"},\"list\":{\"id\":\"5f5c6ec650a1db3ae5dfc186\",\"name\":\"List 3 (Create) + Update Name\"}}','2020-09-12 16:50:46.167000','2020-09-12 16:50:46.680201','updateCard','5ee0bd5e35ede70ba51fa59a','5e844d79813c145d5bdec037'),('5f5c6fd33198b636d063762e','{\"old\":{\"idList\":\"5f5c6ec650a1db3ae5dfc186\"},\"card\":{\"idList\":\"5ee4a623dbb47c499a6f4c8f\",\"id\":\"5f5c6fbbd016714aa0789055\",\"name\":\"Test card (Update name)\",\"idShort\":3,\"shortLink\":\"gS290SJo\"},\"board\":{\"id\":\"5ee0bd5e35ede70ba51fa59a\",\"name\":\"test\",\"shortLink\":\"4ehxdgw5\"},\"listBefore\":{\"id\":\"5f5c6ec650a1db3ae5dfc186\",\"name\":\"List 3 (Create) + Update Name\"},\"listAfter\":{\"id\":\"5ee4a623dbb47c499a6f4c8f\",\"name\":\"number 2\"}}','2020-09-12 16:50:59.319000','2020-09-12 16:50:59.787973','updateCard','5ee0bd5e35ede70ba51fa59a','5e844d79813c145d5bdec037'),('5f5c6fe78313ce829a1c88c7','{\"card\":{\"id\":\"5f5c6fe78313ce829a1c88c6\",\"name\":\"Video Presentation Card\",\"idShort\":5,\"shortLink\":\"AbUJ6k7e\"},\"list\":{\"id\":\"5e931d8d539e7f8b326f134b\",\"name\":\"Video Presentation\"},\"board\":{\"id\":\"5e844d43482bed3fe97669da\",\"name\":\"Covid 9-Team\",\"shortLink\":\"93lkA8NH\"}}','2020-09-12 16:51:19.676000','2020-09-12 16:51:20.200621','createCard','5e844d43482bed3fe97669da','5e844d79813c145d5bdec037'),('5f5c6ff091036b5e85e9cea2','{\"old\":{\"name\":\"Video Presentation Card\"},\"card\":{\"name\":\"Video Presentation Card (Update Card)\",\"id\":\"5f5c6fe78313ce829a1c88c6\",\"idShort\":5,\"shortLink\":\"AbUJ6k7e\"},\"board\":{\"id\":\"5e844d43482bed3fe97669da\",\"name\":\"Covid 9-Team\",\"shortLink\":\"93lkA8NH\"},\"list\":{\"id\":\"5e931d8d539e7f8b326f134b\",\"name\":\"Video Presentation\"}}','2020-09-12 16:51:28.723000','2020-09-12 16:51:29.208337','updateCard','5e844d43482bed3fe97669da','5e844d79813c145d5bdec037'),('5f5c6ff78944e705c341684c','{\"old\":{\"idList\":\"5e931d8d539e7f8b326f134b\"},\"card\":{\"idList\":\"5e931d87b6c4923822b30cab\",\"id\":\"5f5c6fe78313ce829a1c88c6\",\"name\":\"Video Presentation Card (Update Card)\",\"idShort\":5,\"shortLink\":\"AbUJ6k7e\"},\"board\":{\"id\":\"5e844d43482bed3fe97669da\",\"name\":\"Covid 9-Team\",\"shortLink\":\"93lkA8NH\"},\"listBefore\":{\"id\":\"5e931d8d539e7f8b326f134b\",\"name\":\"Video Presentation\"},\"listAfter\":{\"id\":\"5e931d87b6c4923822b30cab\",\"name\":\"Vision Statement\"}}','2020-09-12 16:51:35.222000','2020-09-12 16:51:35.732466','updateCard','5e844d43482bed3fe97669da','5e844d79813c145d5bdec037'),('5f5c6fffc36bd85eac00efb3','{\"card\":{\"id\":\"5f5c6fffc36bd85eac00efb2\",\"name\":\"Alternative Software (Create)\",\"idShort\":6,\"shortLink\":\"GvRwfnx0\"},\"list\":{\"id\":\"5e931d7ccc03a70e07ae3d81\",\"name\":\"Alternative Software\"},\"board\":{\"id\":\"5e844d43482bed3fe97669da\",\"name\":\"Covid 9-Team\",\"shortLink\":\"93lkA8NH\"}}','2020-09-12 16:51:43.899000','2020-09-12 16:51:44.395447','createCard','5e844d43482bed3fe97669da','5e844d79813c145d5bdec037'),('5f5c70509988ac456215e975','{\"card\":{\"id\":\"5f5c70509988ac456215e974\",\"name\":\"Alternative Software 2\",\"idShort\":7,\"shortLink\":\"G3tj2VJs\"},\"list\":{\"id\":\"5e931d7ccc03a70e07ae3d81\",\"name\":\"Alternative Software\"},\"board\":{\"id\":\"5e844d43482bed3fe97669da\",\"name\":\"Covid 9-Team\",\"shortLink\":\"93lkA8NH\"}}','2020-09-12 16:53:04.812000','2020-09-12 16:53:05.317143','createCard','5e844d43482bed3fe97669da','5e844d79813c145d5bdec037'),('5f5c705500e7db581777092f','{\"old\":{\"idList\":\"5e931d7ccc03a70e07ae3d81\"},\"card\":{\"idList\":\"5e931d737b15be8f0a28cf93\",\"id\":\"5f5c70509988ac456215e974\",\"name\":\"Alternative Software 2\",\"idShort\":7,\"shortLink\":\"G3tj2VJs\"},\"board\":{\"id\":\"5e844d43482bed3fe97669da\",\"name\":\"Covid 9-Team\",\"shortLink\":\"93lkA8NH\"},\"listBefore\":{\"id\":\"5e931d7ccc03a70e07ae3d81\",\"name\":\"Alternative Software\"},\"listAfter\":{\"id\":\"5e931d737b15be8f0a28cf93\",\"name\":\"Domain Structure\"}}','2020-09-12 16:53:09.370000','2020-09-12 16:53:09.868245','updateCard','5e844d43482bed3fe97669da','5e844d79813c145d5bdec037'),('5f5c7055c54bc170fa11eb50','{\"old\":{\"idList\":\"5e931d7ccc03a70e07ae3d81\"},\"card\":{\"idList\":\"5e931d737b15be8f0a28cf93\",\"id\":\"5f5c6fffc36bd85eac00efb2\",\"name\":\"Alternative Software (Create)\",\"idShort\":6,\"shortLink\":\"GvRwfnx0\"},\"board\":{\"id\":\"5e844d43482bed3fe97669da\",\"name\":\"Covid 9-Team\",\"shortLink\":\"93lkA8NH\"},\"listBefore\":{\"id\":\"5e931d7ccc03a70e07ae3d81\",\"name\":\"Alternative Software\"},\"listAfter\":{\"id\":\"5e931d737b15be8f0a28cf93\",\"name\":\"Domain Structure\"}}','2020-09-12 16:53:09.271000','2020-09-12 16:53:09.777520','updateCard','5e844d43482bed3fe97669da','5e844d79813c145d5bdec037'),('5f5c705d77566a6dc27196eb','{\"old\":{\"idList\":\"5e931d737b15be8f0a28cf93\"},\"card\":{\"idList\":\"5e931d7ccc03a70e07ae3d81\",\"id\":\"5f5c6fffc36bd85eac00efb2\",\"name\":\"Alternative Software (Create)\",\"idShort\":6,\"shortLink\":\"GvRwfnx0\"},\"board\":{\"id\":\"5e844d43482bed3fe97669da\",\"name\":\"Covid 9-Team\",\"shortLink\":\"93lkA8NH\"},\"listBefore\":{\"id\":\"5e931d737b15be8f0a28cf93\",\"name\":\"Domain Structure\"},\"listAfter\":{\"id\":\"5e931d7ccc03a70e07ae3d81\",\"name\":\"Alternative Software\"}}','2020-09-12 16:53:17.493000','2020-09-12 16:53:18.006428','updateCard','5e844d43482bed3fe97669da','5e844d79813c145d5bdec037'),('5f5c705ded9ffa067db71e43','{\"old\":{\"idList\":\"5e931d737b15be8f0a28cf93\"},\"card\":{\"idList\":\"5e931d7ccc03a70e07ae3d81\",\"id\":\"5f5c70509988ac456215e974\",\"name\":\"Alternative Software 2\",\"idShort\":7,\"shortLink\":\"G3tj2VJs\"},\"board\":{\"id\":\"5e844d43482bed3fe97669da\",\"name\":\"Covid 9-Team\",\"shortLink\":\"93lkA8NH\"},\"listBefore\":{\"id\":\"5e931d737b15be8f0a28cf93\",\"name\":\"Domain Structure\"},\"listAfter\":{\"id\":\"5e931d7ccc03a70e07ae3d81\",\"name\":\"Alternative Software\"}}','2020-09-12 16:53:17.374000','2020-09-12 16:53:17.863729','updateCard','5e844d43482bed3fe97669da','5e844d79813c145d5bdec037'),('5f5c7067835997882f87d231','{\"old\":{\"closed\":false},\"list\":{\"closed\":true,\"id\":\"5f5c6eae7d55462601f0f21e\",\"name\":\"Test List\"},\"board\":{\"id\":\"5e844d43482bed3fe97669da\",\"name\":\"Covid 9-Team\",\"shortLink\":\"93lkA8NH\"}}','2020-09-12 16:53:27.501000','2020-09-12 16:53:27.998271','updateList','5e844d43482bed3fe97669da','5e844d79813c145d5bdec037'),('5f5c707626569867967f31d1','{\"list\":{\"id\":\"5f5c707626569867967f31cf\",\"name\":\"Test List 2 (Primarily for archiving)\"},\"board\":{\"id\":\"5e844d43482bed3fe97669da\",\"name\":\"Covid 9-Team\",\"shortLink\":\"93lkA8NH\"}}','2020-09-12 16:53:42.872000','2020-09-12 16:53:43.358916','createList','5e844d43482bed3fe97669da','5e844d79813c145d5bdec037'),('5f5c707b70aa3a85e29c2972','{\"old\":{\"closed\":false},\"list\":{\"closed\":true,\"id\":\"5f5c707626569867967f31cf\",\"name\":\"Test List 2 (Primarily for archiving)\"},\"board\":{\"id\":\"5e844d43482bed3fe97669da\",\"name\":\"Covid 9-Team\",\"shortLink\":\"93lkA8NH\"}}','2020-09-12 16:53:47.549000','2020-09-12 16:53:48.029979','updateList','5e844d43482bed3fe97669da','5e844d79813c145d5bdec037');
/*!40000 ALTER TABLE `action` ENABLE KEYS */;
UNLOCK TABLES;

--
-- Table structure for table `board`
--

DROP TABLE IF EXISTS `board`;
/*!40101 SET @saved_cs_client     = @@character_set_client */;
/*!50503 SET character_set_client = utf8mb4 */;
CREATE TABLE `board` (
  `id` varchar(255) NOT NULL,
  `date_created` datetime(6) DEFAULT NULL,
  `date_last_modified` datetime(6) DEFAULT NULL,
  `desc_data` varchar(255) DEFAULT NULL,
  `description` varchar(255) DEFAULT NULL,
  `name` varchar(255) DEFAULT NULL,
  `short_link` varchar(255) DEFAULT NULL,
  PRIMARY KEY (`id`)
) ENGINE=InnoDB DEFAULT CHARSET=utf8mb4 COLLATE=utf8mb4_0900_ai_ci;
/*!40101 SET character_set_client = @saved_cs_client */;

--
-- Dumping data for table `board`
--

LOCK TABLES `board` WRITE;
/*!40000 ALTER TABLE `board` DISABLE KEYS */;
INSERT INTO `board` VALUES ('58d89302cd53f765b45d1f3a','2020-09-13 12:52:56.921558','2020-09-13 12:52:56.921629',NULL,'','*Tutorial Board (Start Here!)','https://trello.com/b/OyA79leQ'),('5b9b100cca1728134ee88b15','2020-09-13 00:02:04.341200','2020-09-13 00:02:04.341300',NULL,'','GCI Archive','https://trello.com/b/nao8D1zz'),('5c1dceef6f5b3c2a774afdf2','2020-09-12 15:04:49.903825','2020-09-12 15:04:49.903829',NULL,'','Architecture Arc','https://trello.com/b/fjUIlnw5'),('5c1e9da3f073f984668f3061','2020-09-12 15:05:09.808803','2020-09-12 15:05:09.808806',NULL,'','The Gameplay Template To Rule Them All','https://trello.com/b/QfaZMGMa'),('5e844d43482bed3fe97669da','2020-09-12 15:09:09.480055','2020-09-12 15:09:09.480061',NULL,'','Covid 9-Team','https://trello.com/b/93lkA8NH'),('5ea3b1e98f7b4c7dc1fbc3b6','2020-09-12 15:04:56.610995','2020-09-12 15:04:56.610997',NULL,'','FIT3170','https://trello.com/b/fnUbp3sm'),('5eab97395c130f4aba517da0','2020-09-12 15:09:16.300420','2020-09-12 15:09:16.300424',NULL,'','Covid 9-Team','https://trello.com/b/85XSMzXX'),('5ee0bd5e35ede70ba51fa59a','2020-09-12 16:46:12.030519','2020-09-12 16:46:12.030522',NULL,'','test','https://trello.com/b/4ehxdgw5'),('5ee7b549ee138d16593b535b','2020-06-15 17:52:31.968057','2020-06-15 17:52:31.968200',NULL,'','testBoard3','https://trello.com/b/p2az53Kb'),('5ee7d4d0e4a90a10cf6ceb35','2020-06-15 20:07:09.044197','2020-06-15 20:07:09.044223',NULL,'','finalTest','https://trello.com/b/HNWbxq5p'),('5ee7d560904e87427e0a1464','2020-09-12 15:10:15.993228','2020-09-12 15:10:15.993230',NULL,'','test','https://trello.com/b/pEqMYblR');
/*!40000 ALTER TABLE `board` ENABLE KEYS */;
UNLOCK TABLES;

--
-- Table structure for table `board_membership`
--

DROP TABLE IF EXISTS `board_membership`;
/*!40101 SET @saved_cs_client     = @@character_set_client */;
/*!50503 SET character_set_client = utf8mb4 */;
CREATE TABLE `board_membership` (
  `id` int NOT NULL,
  `date_created` datetime(6) DEFAULT NULL,
  `date_last_modified` datetime(6) DEFAULT NULL,
  `member_type` varchar(255) DEFAULT NULL,
  `id_board` varchar(255) NOT NULL,
  `id_member` varchar(255) NOT NULL,
  PRIMARY KEY (`id`),
  KEY `FKgwy6qm9c4r69dr0bfrxdki9ty` (`id_board`),
  KEY `FK1l0fmn97i60ai6bml3awr3ata` (`id_member`),
  CONSTRAINT `FK1l0fmn97i60ai6bml3awr3ata` FOREIGN KEY (`id_member`) REFERENCES `member` (`id`),
  CONSTRAINT `FKgwy6qm9c4r69dr0bfrxdki9ty` FOREIGN KEY (`id_board`) REFERENCES `board` (`id`)
) ENGINE=InnoDB DEFAULT CHARSET=utf8mb4 COLLATE=utf8mb4_0900_ai_ci;
/*!40101 SET character_set_client = @saved_cs_client */;

--
-- Dumping data for table `board_membership`
--

LOCK TABLES `board_membership` WRITE;
/*!40000 ALTER TABLE `board_membership` DISABLE KEYS */;
INSERT INTO `board_membership` VALUES (1,'2020-06-15 17:52:32.119529','2020-06-15 17:52:32.119533',NULL,'5ee7b549ee138d16593b535b','58d89301cd53f765b45d1f32'),(2,'2020-06-15 20:07:09.200607','2020-06-15 20:07:09.200611',NULL,'5ee7d4d0e4a90a10cf6ceb35','58d89301cd53f765b45d1f32'),(5,'2020-06-15 20:09:17.362059','2020-06-15 20:09:17.362062',NULL,'5ee7d560904e87427e0a1464','58d89301cd53f765b45d1f32'),(8,'2020-09-12 15:04:14.819413','2020-09-12 15:04:14.819417',NULL,'58d89302cd53f765b45d1f3a','58d89301cd53f765b45d1f32'),(9,'2020-09-12 15:04:14.836492','2020-09-12 15:04:14.836496',NULL,'58d89302cd53f765b45d1f3a','50095233f62adbe04d935195'),(12,'2020-09-12 15:04:50.499950','2020-09-12 15:04:50.499951',NULL,'5c1dceef6f5b3c2a774afdf2','59370b001e881c261428d8bb'),(13,'2020-09-12 15:04:50.509587','2020-09-12 15:04:50.509588',NULL,'5c1dceef6f5b3c2a774afdf2','5a6212b8e22e2f760f2af003'),(14,'2020-09-12 15:04:50.522151','2020-09-12 15:04:50.522153',NULL,'5c1dceef6f5b3c2a774afdf2','56bdddade92904d1e63fbaee'),(15,'2020-09-12 15:04:50.531736','2020-09-12 15:04:50.531737',NULL,'5c1dceef6f5b3c2a774afdf2','58d89301cd53f765b45d1f32'),(16,'2020-09-12 15:04:50.540059','2020-09-12 15:04:50.540060',NULL,'5c1dceef6f5b3c2a774afdf2','4ef36b6efe1494e1350203a6'),(17,'2020-09-12 15:04:50.551384','2020-09-12 15:04:50.551386',NULL,'5c1dceef6f5b3c2a774afdf2','5c1dd04713064445e61e8dbc'),(18,'2020-09-12 15:04:50.561825','2020-09-12 15:04:50.561827',NULL,'5c1dceef6f5b3c2a774afdf2','571113c0ddd3dffc53045aa3'),(19,'2020-09-12 15:04:50.572375','2020-09-12 15:04:50.572377',NULL,'5c1dceef6f5b3c2a774afdf2','4f2777a3114e3e040db37fd2'),(20,'2020-09-12 15:04:50.583072','2020-09-12 15:04:50.583074',NULL,'5c1dceef6f5b3c2a774afdf2','520ebec2a71cbe9968002c67'),(21,'2020-09-12 15:04:50.598699','2020-09-12 15:04:50.598701',NULL,'5c1dceef6f5b3c2a774afdf2','5b017dbd261228c37bd4ce4c'),(22,'2020-09-12 15:04:50.616080','2020-09-12 15:04:50.616082',NULL,'5c1dceef6f5b3c2a774afdf2','522681cfc8d693e455001761'),(23,'2020-09-12 15:04:50.633538','2020-09-12 15:04:50.633540',NULL,'5c1dceef6f5b3c2a774afdf2','5845c9293144630b60abc927'),(24,'2020-09-12 15:04:50.650157','2020-09-12 15:04:50.650159',NULL,'5c1dceef6f5b3c2a774afdf2','596051e2d4a9b2d11c63bc4f'),(41,'2020-09-12 15:04:56.678445','2020-09-12 15:04:56.678446',NULL,'5ea3b1e98f7b4c7dc1fbc3b6','5ea3b26f68a6ab19963c8e7c'),(42,'2020-09-12 15:04:56.688104','2020-09-12 15:04:56.688106',NULL,'5ea3b1e98f7b4c7dc1fbc3b6','58d89301cd53f765b45d1f32'),(43,'2020-09-12 15:04:56.697900','2020-09-12 15:04:56.697902',NULL,'5ea3b1e98f7b4c7dc1fbc3b6','5b6d3eb1bd522d646105cdd7'),(44,'2020-09-12 15:04:56.707141','2020-09-12 15:04:56.707143',NULL,'5ea3b1e98f7b4c7dc1fbc3b6','5b6d490fee6abe7502f01b08'),(45,'2020-09-12 15:05:10.124978','2020-09-12 15:05:10.124980',NULL,'5c1e9da3f073f984668f3061','5a6212b8e22e2f760f2af003'),(46,'2020-09-12 15:05:10.135941','2020-09-12 15:05:10.135943',NULL,'5c1e9da3f073f984668f3061','58d89301cd53f765b45d1f32'),(47,'2020-09-12 15:05:10.146233','2020-09-12 15:05:10.146235',NULL,'5c1e9da3f073f984668f3061','4ef36b6efe1494e1350203a6'),(48,'2020-09-12 15:05:10.156588','2020-09-12 15:05:10.156590',NULL,'5c1e9da3f073f984668f3061','4f2777a3114e3e040db37fd2'),(49,'2020-09-12 15:05:10.167283','2020-09-12 15:05:10.167285',NULL,'5c1e9da3f073f984668f3061','520ebec2a71cbe9968002c67'),(50,'2020-09-12 15:05:10.176727','2020-09-12 15:05:10.176728',NULL,'5c1e9da3f073f984668f3061','5b017dbd261228c37bd4ce4c'),(51,'2020-09-12 15:05:10.186642','2020-09-12 15:05:10.186644',NULL,'5c1e9da3f073f984668f3061','522681cfc8d693e455001761'),(70,'2020-09-12 15:05:52.306626','2020-09-12 15:05:52.306629',NULL,'5ee7d560904e87427e0a1464','58d89301cd53f765b45d1f32'),(73,'2020-09-12 15:08:43.497800','2020-09-12 15:08:43.497804',NULL,'58d89302cd53f765b45d1f3a','58d89301cd53f765b45d1f32'),(74,'2020-09-12 15:08:43.510544','2020-09-12 15:08:43.510548',NULL,'58d89302cd53f765b45d1f3a','50095233f62adbe04d935195'),(76,'2020-09-12 15:09:09.727375','2020-09-12 15:09:09.727377',NULL,'5e844d43482bed3fe97669da','58d89301cd53f765b45d1f32'),(77,'2020-09-12 15:09:09.736929','2020-09-12 15:09:09.736933',NULL,'5e844d43482bed3fe97669da','5e844e6eeb84e9663e07e3e8'),(78,'2020-09-12 15:09:09.747073','2020-09-12 15:09:09.747077',NULL,'5e844d43482bed3fe97669da','5b73d806fda5bc29d20beb47'),(79,'2020-09-12 15:09:09.758501','2020-09-12 15:09:09.758504',NULL,'5e844d43482bed3fe97669da','5e844d79813c145d5bdec037'),(80,'2020-09-12 15:09:09.768758','2020-09-12 15:09:09.768763',NULL,'5e844d43482bed3fe97669da','5b7cb0e4c2e58b08a128b7fc'),(102,'2020-09-12 15:09:17.079236','2020-09-12 15:09:17.079237',NULL,'5eab97395c130f4aba517da0','58d89301cd53f765b45d1f32'),(103,'2020-09-12 15:09:17.091166','2020-09-12 15:09:17.091168',NULL,'5eab97395c130f4aba517da0','5e844e6eeb84e9663e07e3e8'),(104,'2020-09-12 15:09:17.099395','2020-09-12 15:09:17.099396',NULL,'5eab97395c130f4aba517da0','5b6d3eb1bd522d646105cdd7'),(105,'2020-09-12 15:09:17.107858','2020-09-12 15:09:17.107860',NULL,'5eab97395c130f4aba517da0','5b73d806fda5bc29d20beb47'),(106,'2020-09-12 15:09:17.115969','2020-09-12 15:09:17.115970',NULL,'5eab97395c130f4aba517da0','5e844d79813c145d5bdec037'),(107,'2020-09-12 15:09:17.124624','2020-09-12 15:09:17.124625',NULL,'5eab97395c130f4aba517da0','5b7cb0e4c2e58b08a128b7fc'),(163,'2020-09-12 15:10:16.191780','2020-09-12 15:10:16.191782',NULL,'5ee7d560904e87427e0a1464','58d89301cd53f765b45d1f32'),(165,'2020-09-12 16:46:12.126169','2020-09-12 16:46:12.126170',NULL,'5ee0bd5e35ede70ba51fa59a','5e844d79813c145d5bdec037'),(166,'2020-09-12 16:46:12.134932','2020-09-12 16:46:12.134934',NULL,'5ee0bd5e35ede70ba51fa59a','598ac81714587220e18d7cdc'),(331,'2020-09-13 00:02:07.895260','2020-09-13 00:02:07.895261',NULL,'5b9b100cca1728134ee88b15','5a6212b8e22e2f760f2af003'),(332,'2020-09-13 00:02:07.907717','2020-09-13 00:02:07.907718',NULL,'5b9b100cca1728134ee88b15','56bdddade92904d1e63fbaee'),(333,'2020-09-13 00:02:07.918396','2020-09-13 00:02:07.918398',NULL,'5b9b100cca1728134ee88b15','5abbc3b42006f8f88335ca49'),(334,'2020-09-13 00:02:07.929484','2020-09-13 00:02:07.929486',NULL,'5b9b100cca1728134ee88b15','4f91ea5fbb05fe8c59b4da28'),(335,'2020-09-13 00:02:07.940885','2020-09-13 00:02:07.940886',NULL,'5b9b100cca1728134ee88b15','58d89301cd53f765b45d1f32'),(336,'2020-09-13 00:02:07.954302','2020-09-13 00:02:07.954303',NULL,'5b9b100cca1728134ee88b15','57f43d99c87458e77ee81db3'),(337,'2020-09-13 00:02:07.965330','2020-09-13 00:02:07.965332',NULL,'5b9b100cca1728134ee88b15','5bcaf9208a1b09652e06f735'),(338,'2020-09-13 00:02:07.977614','2020-09-13 00:02:07.977615',NULL,'5b9b100cca1728134ee88b15','5675a440ec84acf160885c45'),(339,'2020-09-13 00:02:07.990327','2020-09-13 00:02:07.990329',NULL,'5b9b100cca1728134ee88b15','5659beeaddf4aecea9249f97'),(340,'2020-09-13 00:02:08.003866','2020-09-13 00:02:08.003867',NULL,'5b9b100cca1728134ee88b15','56a5c739cb13ab7b31e60515'),(341,'2020-09-13 00:02:08.015382','2020-09-13 00:02:08.015383',NULL,'5b9b100cca1728134ee88b15','559072935f627855f4f44f3e'),(342,'2020-09-13 00:02:08.028999','2020-09-13 00:02:08.029000',NULL,'5b9b100cca1728134ee88b15','571113c0ddd3dffc53045aa3'),(343,'2020-09-13 00:02:08.044121','2020-09-13 00:02:08.044122',NULL,'5b9b100cca1728134ee88b15','587f805e20be164efe98e811'),(344,'2020-09-13 00:02:08.055571','2020-09-13 00:02:08.055572',NULL,'5b9b100cca1728134ee88b15','4f2777a3114e3e040db37fd2'),(345,'2020-09-13 00:02:08.070250','2020-09-13 00:02:08.070251',NULL,'5b9b100cca1728134ee88b15','5af084b8d1eed51ce894ac29'),(346,'2020-09-13 00:02:08.082808','2020-09-13 00:02:08.082809',NULL,'5b9b100cca1728134ee88b15','5a9a45baa607b685d421a695'),(347,'2020-09-13 00:02:08.097238','2020-09-13 00:02:08.097239',NULL,'5b9b100cca1728134ee88b15','56ef1abdcced671358a595fa'),(348,'2020-09-13 00:02:08.110025','2020-09-13 00:02:08.110026',NULL,'5b9b100cca1728134ee88b15','520ebec2a71cbe9968002c67'),(349,'2020-09-13 00:02:08.122585','2020-09-13 00:02:08.122586',NULL,'5b9b100cca1728134ee88b15','59ae615a696cdcd0e6494982'),(350,'2020-09-13 00:02:08.136797','2020-09-13 00:02:08.136798',NULL,'5b9b100cca1728134ee88b15','53a1ba522d5f537ccdd2e097'),(351,'2020-09-13 00:02:08.148340','2020-09-13 00:02:08.148341',NULL,'5b9b100cca1728134ee88b15','565b604569bd20130b03254b'),(352,'2020-09-13 00:02:08.158581','2020-09-13 00:02:08.158582',NULL,'5b9b100cca1728134ee88b15','5b017dbd261228c37bd4ce4c'),(353,'2020-09-13 00:02:08.168539','2020-09-13 00:02:08.168540',NULL,'5b9b100cca1728134ee88b15','5adb899cf7d312db5a62552c'),(354,'2020-09-13 00:02:08.182483','2020-09-13 00:02:08.182484',NULL,'5b9b100cca1728134ee88b15','587abf1c9e043cabd2fd5ea8'),(355,'2020-09-13 00:02:08.194779','2020-09-13 00:02:08.194780',NULL,'5b9b100cca1728134ee88b15','5845c9293144630b60abc927'),(356,'2020-09-13 00:02:08.211405','2020-09-13 00:02:08.211406',NULL,'5b9b100cca1728134ee88b15','5accdb26a1ed9be25b491618'),(357,'2020-09-13 00:02:08.223438','2020-09-13 00:02:08.223440',NULL,'5b9b100cca1728134ee88b15','596051e2d4a9b2d11c63bc4f'),(410,'2020-09-13 12:52:57.246684','2020-09-13 12:52:57.246686',NULL,'58d89302cd53f765b45d1f3a','58d89301cd53f765b45d1f32'),(411,'2020-09-13 12:52:57.261412','2020-09-13 12:52:57.261415',NULL,'58d89302cd53f765b45d1f3a','50095233f62adbe04d935195');
/*!40000 ALTER TABLE `board_membership` ENABLE KEYS */;
UNLOCK TABLES;

--
-- Table structure for table `card`
--

DROP TABLE IF EXISTS `card`;
/*!40101 SET @saved_cs_client     = @@character_set_client */;
/*!50503 SET character_set_client = utf8mb4 */;
CREATE TABLE `card` (
  `id` varchar(255) NOT NULL,
  `check_item_states` varchar(255) DEFAULT NULL,
  `closed` int NOT NULL,
  `date_created` datetime(6) DEFAULT NULL,
  `date_last_activity` datetime(6) DEFAULT NULL,
  `date_last_modified` datetime(6) DEFAULT NULL,
  `desc_data` mediumtext,
  `description` mediumtext,
  `due` datetime(6) DEFAULT NULL,
  `due_complete` int NOT NULL,
  `name` varchar(255) DEFAULT NULL,
  `pos` float DEFAULT NULL,
  `short_link` varchar(255) DEFAULT NULL,
  `id_board` varchar(255) NOT NULL,
  `id_list` varchar(255) NOT NULL,
  PRIMARY KEY (`id`),
  KEY `FK65echd5fdfqu7dr83gj25oukq` (`id_board`),
  KEY `FK48ck81rcau7oq5oob684vmvqv` (`id_list`),
  CONSTRAINT `FK48ck81rcau7oq5oob684vmvqv` FOREIGN KEY (`id_list`) REFERENCES `list` (`id`),
  CONSTRAINT `FK65echd5fdfqu7dr83gj25oukq` FOREIGN KEY (`id_board`) REFERENCES `board` (`id`)
) ENGINE=InnoDB DEFAULT CHARSET=utf8mb4 COLLATE=utf8mb4_0900_ai_ci;
/*!40101 SET character_set_client = @saved_cs_client */;

--
-- Dumping data for table `card`
--

LOCK TABLES `card` WRITE;
/*!40000 ALTER TABLE `card` DISABLE KEYS */;
INSERT INTO `card` VALUES ('58d89302cd53f765b45d1f3f',NULL,1,'2020-09-13 12:52:57.091350','2020-06-16 23:19:40.591000','2020-09-13 12:52:57.091352',NULL,'',NULL,0,'This is a card. Drag it to the \"Tried It\" List to show it\'s done. â†’',564223,'https://trello.com/c/gjwfE7Ht','58d89302cd53f765b45d1f3a','58d89302cd53f765b45d1f3c'),('58d89302cd53f765b45d1f41',NULL,1,'2020-09-13 12:52:57.103045','2020-06-16 23:19:42.271000','2020-09-13 12:52:57.103046',NULL,'###Three Trello Basics: \n\n**1. Boards**: organize a project or just about anything.\n**2. Lists**: are super flexible, but often steps like *\"To Do, Doing, and Done\"*.\n**3. Cards**: represent tasks or store information. \n\n\nWatch this short video to learn more: \n\n[![](https://trello-attachments.s3.amazonaws.com/571936e84bb334420cce0df1/57bdde964803b5a2d3d17f8e/9523b90931678530ec2775ebbdc124d8/this_is_a_trello_board_with_lists_and_cards.jpg)](https://trello.wistia.com/medias/n5tpbc6uo1)\n----\n\n--- \n\nYou\'re inside the *Tutorial (Start Here!)* **board** right now. \n\nYou\'re reading a **card** called *The Trello Basics*.\n\nEverything in this *Stuff to Try* **list** is a **card**. \n\nYou can add as many **lists** and **cards** to a **board** as you want.\n\n----- \n\n\n**Click** the \"X\" in the **top right corner** of this **card** to close the card and **drag it** over to the *\"Tried It\"* **list** because you\'re all done! ðŸŽ‰',NULL,0,'newName',629759,'https://trello.com/c/CSucsEHb','58d89302cd53f765b45d1f3a','58d89302cd53f765b45d1f3c'),('58d89302cd53f765b45d1f49',NULL,1,'2020-09-13 12:52:57.110921','2020-06-16 23:19:41.389000','2020-09-13 12:52:57.110922','{emoji={}}','hewdfkuhjyaeshdfjuswehbdj\n','2020-06-25 02:00:00.000000',0,'Mastering Trello Cards',498687,'https://trello.com/c/gAelb0Tf','58d89302cd53f765b45d1f3a','5ee62e38546dea7d16ba88e9'),('58d89302cd53f765b45d1f53',NULL,1,'2020-09-13 12:52:57.063842','2020-06-14 00:42:48.842000','2020-09-13 12:52:57.063843','{emoji={}}','efsef\n',NULL,0,'Create Your First Board',385023,'https://trello.com/c/vP9NhPFJ','58d89302cd53f765b45d1f3a','58d89302cd53f765b45d1f3b'),('58d89302cd53f765b45d1f54',NULL,1,'2020-09-13 12:52:57.052607','2020-06-14 23:47:56.711000','2020-09-13 12:52:57.052609',NULL,'###Trello is a flexible platform for your whole [team](http://help.trello.com/article/927-what-are-teams) to collaborate and get stuff done. \n\n\n- **Power-Ups** turn Trello boards into living applications, with additional features & integrations from the apps you love! trello.com/power-ups :rocket:\n\n![](https://trello-attachments.s3.amazonaws.com/57c71ac1247e638ba40f3979/600x300/0c916c343233dc8456fbe31aedbfef1d/Power-Up_Scroll_50.gif)\n\n- Bit of a tech wiz? Use our open API to build your own integrations: developers.trello.com\n\n- Also, check out these browser extensions and add-ons: trello.com/integrations',NULL,0,'Power-Ups, Integrations, APIs, oh my!',364543,'https://trello.com/c/OHZpdulj','58d89302cd53f765b45d1f3a','58d89302cd53f765b45d1f3b'),('58d89302cd53f765b45d1f5b',NULL,1,'2020-09-13 12:52:57.071744','2017-03-27 15:20:18.521000','2020-09-13 12:52:57.071745',NULL,'- Visit the **[Trello Guide](https://trello.com/guide)** to get started, get inspired, and learn more.\n\n- The **[Trello Blog](https://blog.trello.com)** has regular updates, productivity tips, and workflows. \n\n- Download Trello for **[iOS](https://itunes.apple.com/app/trello-organize-anything/id461504587)** and **[Android](https://play.google.com/store/apps/details?id=com.trello)** to stay in sync when you\'re on the go. \n\n- Become a Trello productivity pro! **[Join a free webinar.](https://trello.com/webinars?utm_source=trello&utm_medium=welcome_board&utm_campaign=webinars\n)** \n\n- Questions? Visit **help.trello.com**. Or **[contact us](https://trello.com/contact)**. We\'re happy to help! ðŸ˜Ž\n\n',NULL,0,'Help, Pro Tips, Webinars & More',393215,'https://trello.com/c/QckWQGlo','58d89302cd53f765b45d1f3a','58d89302cd53f765b45d1f3b'),('59ee4a4fdf23869858cad6d3',NULL,0,'2020-09-13 00:02:04.938145','2018-09-18 00:32:27.870000','2020-09-13 00:02:04.938146',NULL,'https://github.com/MovingBlocks/Terasology/wiki/GCI\n\nEspecially task links if we get in and start submitting tasks to the official site',NULL,0,'TODO: Update GitHub wiki GCI page for 2018',98304,'https://trello.com/c/wDG0U0RV','5b9b100cca1728134ee88b15','5b9b100cca1728134ee88b16'),('59ee7b698fa997f86e13e6a7',NULL,1,'2020-09-13 00:02:05.015572','2018-10-22 15:35:12.493000','2020-09-13 00:02:05.015573','{emoji={}}','After last year\'s GSoC, DestSol now supports custom factions, each with it\'s own ships and weapons. This task chain guides the student through the entire process of creating a new faction.\n\nThere are 4 basic sizes of ships in DestSol - small, medium, large and the capital (mothership). The player usually starts in a smal ship, and works his way up to large ships. The capital is reserved for the faction bases.\n\nThis task focuses on the medium ship.\n\n# Definition of \'Done\'\n\n* Add a ship (texture, icon and config) to the game (adding them to the engine is perfectly fine, you can shift everything to your own module as part of a different task).\n* Attach a screenshot of the ship in-game as proof of your work.\n\n# Where to start\n\n* decide on the kind of faction you want (for reference, look at the existing federal and organic factions). This should help set up the theme for the textures and attributes of the ships and weapons you create.\n* TODO: Add link to wiki page describing ship creation process.\n\n# See also\n\n* Once you\'re done with this, have a look at large ship task. // TODO: Link it.',NULL,0,'Add a medium ship (I)',2273280,'https://trello.com/c/CGsbM5lQ','5b9b100cca1728134ee88b15','5bb10eaaa163492c93420393'),('59ee7f07d4ae8009830d0cac',NULL,1,'2020-09-13 00:02:05.025525','2018-10-22 15:35:12.501000','2020-09-13 00:02:05.025526','{emoji={}}','After last year\'s GSoC, DestSol now supports custom factions, each with it\'s own ships and weapons. This task chain guides the student through the entire process of creating a new faction.\n\nThere are 4 basic sizes of ships in DestSol - small, medium, large and the capital (mothership). The player usually starts in a smal ship, and works his way up to large ships. The capital is reserved for the faction bases.\n\nThis task focuses on the large ship, and the weapons.\n\n# Definition of \'Done\'\n\n* Add a ship (texture, icon and config) and a weapon (texture and config) to the game (adding them to the engine is perfectly fine, you can shift everything to your own module as part of a different task).\n* Attach a screenshot of the ship firing the weapon in-game as proof of your work.\n\n# Where to start\n\n* decide on the kind of faction you want (for reference, look at the existing federal and organic factions). This should help set up the theme for the textures and attributes of the ships and weapons you create.\n* TODO: Add link to wiki page describing ship creation process.\n* TODO: Add link to wiki page describing weapon creation process.\n\n# See also\n\n* If you haven\'t already completed it, check out the medium ship task. // TODO: Link it.\n* Once you\'re done with this, have a look at capital ship task. // TODO: Link it.',NULL,0,'Add a large ship along with a weapon to support it (II)',2306050,'https://trello.com/c/iytfqofC','5b9b100cca1728134ee88b15','5bb10eaaa163492c93420393'),('59ee7fcb4b90ea8f4e8a8ec0',NULL,1,'2020-09-13 00:02:05.033731','2018-10-22 15:35:12.510000','2020-09-13 00:02:05.033732','{emoji={}}','After this year\'s GSoC, DestSol now supports custom factions, each with it\'s own ships and weapons. This task chain guides the student through the entire process of creating a new faction.\n\nThere are 4 basic sizes of ships in DestSol - small, medium, large and the capital (mothership). The player usually starts in a smal ship, and works his way up to large ships. The capital is reserved for the faction bases.\n\nThis task focuses on the capital ship, and the process of actually transferring things into a faction.\n\n# Definition of \'Done\'\n\n* Add a ship (texture, icon and config) to the game. Note that unlike other tasks, this task requires you to create a new Module for the ship. If you have made other ships or weapons, move them to the new module as well!\n* Attach a screenshot of the ship as proof of your work, as well as a screenshot of the engine picking up your custom module.\n\n# Where to start\n\n* decide on the kind of faction you want (for reference, look at the existing federal and organic factions). This should help set up the theme for the textures and attributes of the ships and weapons you create.\n* TODO: Add link to wiki page describing ship creation process.\n* TODO: Add link to wiki page describing module creation process.\n\n# See also\n\n* If you haven\'t already completed it, check out the large ship task. // TODO: Link it.\n* Once you\'re done with this, have a look at small ship task. // TODO: Link it.',NULL,0,'Add a capital ship along with a custom module to house the ship (III)',2338820,'https://trello.com/c/nyTTQFKq','5b9b100cca1728134ee88b15','5bb10eaaa163492c93420393'),('59ee80b1face1da288c3410b',NULL,1,'2020-09-13 00:02:05.041852','2018-10-22 15:35:12.512000','2020-09-13 00:02:05.041852','{emoji={}}','After this year\'s GSoC, DestSol now supports custom factions, each with it\'s own ships and weapons. This task chain guides the student through the entire process of creating a new faction.\n\nThere are 4 basic sizes of ships in DestSol - small, medium, large and the capital (mothership). The player usually starts in a smal ship, and works his way up to large ships. The capital is reserved for the faction bases.\n\nThis task focuses on the small ship, and making it available as a starting ship.\n\n# Definition of \'Done\'\n\n* Add a ship (texture, icon and config) and a spawnConfig (config) to the game. The ship and spawnConfig should be added to your own Module, and not to engine.\n* Attach a screenshot of the ship in-game as proof of your work, along with a screenshot of the ship selection screen with your ship on the list.\n\n# Where to start\n\n* decide on the kind of faction you want (for reference, look at the existing federal and organic factions). This should help set up the theme for the textures and attributes of the ships and weapons you create.\n* TODO: Add link to wiki page describing ship creation process.\n* TODO: Add link to wiki page describing startingConfigs.\n\n# See also\n\n* If you haven\'t already completed it, check out the capital ship task. // TODO: Link it.',NULL,0,'Add a small ship, and make it available as the starting ship of the faction (IV)',2371580,'https://trello.com/c/i65pbhup','5b9b100cca1728134ee88b15','5bb10eaaa163492c93420393'),('59eea817882fc3df3d9a24af',NULL,1,'2020-09-13 00:02:04.810566','2018-10-20 21:07:24.875000','2020-09-13 00:02:04.810567','{emoji={}}','_Todo for 2018:_ We have a large photo series and a few of the initial buildings done. Need to outline which buildings remain and point to where the pictures are (should be in the 2017 task in the GCI site)\n\nThis task series (estimated tasks: 20) is a build project for the Danish museum \"Hjerl Hede\" - creating textures, structure templates, and possibly block shapes in Blender to replicate a set of buildings one at a time\n\nEach task will have as a goal to make a Structural Template (ST) definition for a given building, including needed textures and possibly shapes for unique blocks (like blocks making up a water wheel, or an outright 3d water wheel object).\n\nThe purpose of the overall task series is to get a set of related buildings that could be used to create the museum grounds in-game as well as having more general purpose building templates\n\nIt also serves as an introduction to coordinating team efforts (all PRs to the same GitHub repo) and testing a unified project - the module will be auto-deployed on a server so the participating students can place STs together in a growing village\n\n# Definition of \'Done\'\n\n* Pull Request submitted to the target repo (TODO: Create) containing all assets and config to place one specific building in-world\n* One or more screenshots showing the building placed repeatedly in-world (not the original used to create the ST - several placed using an ST tool)\n\n# Where to start\n\n* See https://github.com/Terasology/StructureTemplates for general guidance about the ST system and http://forum.terasology.org/threads/structure-templates.1550/for more on the topic\n* See https://github.com/MovingBlocks/Terasology/wiki/GCI#Artwork- TODO: Create - where did our general texturing/license page go?\n* Review provided images & links to study the target building to determine what textures and blocks are needed\n\n# See also\n\n* Suggested prerequisite: ST task chain step 1\n* Suggested follow-up: ST task chain Ultimate (entire \"culture\" including village generation)\n* http://hjerlhede.dk - museum website\n\n# Tags\n\n(These get entered separately on the GCI site, so they don\'t count toward the body character count limit)\n\n* Building\n* Design\n* 2D texturing\n* Blender\n* 3D shapes\n* JSON\n* Testing',NULL,0,'20x Build series: Hjerl Hede museum',1740800,'https://trello.com/c/wUTMq9rI','5b9b100cca1728134ee88b15','5b9b100cca1728134ee88b19'),('59eeb558da586e215c9c0c58',NULL,1,'2020-09-13 00:02:05.165348','2018-10-23 00:43:56.070000','2020-09-13 00:02:05.165349','{emoji={}}','Not every piece of code is self-documenting :) To help explain what our code does, Terasology uses Javadoc - a system of documentation that uses structured inline comments - and provides guidelines for well-formed documentation. Your task is to find a method or class in the Terasology engine or any module where Javadoc is missing and add it!\n\n# Definition of \'Done\'\n\n* A pull request containing new Javadoc documentation is submitted to the engine or any module repo. At least 5 easy classes (small components and interfaces) or one harder class (a system or widget) should be documented.\n\n# Where to start\n\n* Prepare your workspace (task) or even run the game from source before starting! \n* [Look for interesting modules](http://github.com/Terasology) and [use `groovyw get module <name>` to get the source code to your workspace](https://github.com/MovingBlocks/Terasology/wiki/Developing-Modules#fetch-an-existing-module). Take your time to understand what the code does, then write some Javadoc :)\n* Ask mentors on IRC if you\'re not quite sure how some code works or where to find lots of undocumented code to dig through\n\n# See also\n\n* [The GCI page of documentation for general info](https://github.com/MovingBlocks/Terasology/wiki/GCI#documentation--training)\n\n**Note**: This is a multi-instance task and other students may claim it as well, they might even end up trying to document the same thing. Please look on GitHub in the target repo for any pending PRs that may already cover code you were interested in documenting.',NULL,0,'JavaDoc: Find something undocumented, then document it',16384,'https://trello.com/c/5mOP1IZD','5b9b100cca1728134ee88b15','5bb13feff9698564f44ccc4b'),('59eeb7fc4db5dbcca370e274',NULL,1,'2020-09-13 00:02:05.295522','2018-10-23 16:52:53.147000','2020-09-13 00:02:05.295523',NULL,'We use test plans for manually verifying that things work as expected. See https://github.com/MovingBlocks/Terasology/wiki/GCI#test-plans for details.\n\nThis task is for validating the Rails module using the existing test plan at https://github.com/Terasology/Rails/wiki/Rails-Test-Plan - note that Rails went over a refactoring since the test plan was written so some parts may be broken and new stuff may be available to test\n\n# Definition of \'Done\'\n\n* Student should provide a step-by-step review notes including screenshots for testing the Rails module. This should be provided in a separate document (not a task comment!) like a GitHub Gist or forum thread\n* If any steps fail include details for the failure and review the issue with a mentor before submitting the task (get guidance on whether it is a test plan failure or a misunderstanding)\n* Any improvements to the test plan have been edited into the wiki page\n\n# Where to start\n\n* See https://github.com/MovingBlocks/Terasology/wiki/GCI#test-plans to learn more about test plans\n* Download the game at https://github.com/MovingBlocks/Terasology/releases or use the game launcher\n* Run the game with the Rails module active and step through the test plan, taking notes!\n\n# See also\n\n* Other tasks involving test plans, either reviewing existing ones or writing new ones\n\n# Tags\n\n(These get entered separately on the GCI site, so they don\'t count toward the body character count limit)\n\n* Testing\n* Documentation\n* Validation\n* Rails\n* Trains',NULL,0,'Test plan: Rails module, go through and test, update if needed',1777660,'https://trello.com/c/AQ98fTCD','5b9b100cca1728134ee88b15','5bb13ffda245836ef12b392c'),('59eeb8b80603c70e6c5f64e9',NULL,1,'2020-09-13 00:02:05.303898','2018-10-23 16:55:18.623000','2020-09-13 00:02:05.303898','{emoji={}}','We use test plans for manually verifying that things work as expected. See https://github.com/MovingBlocks/Terasology/wiki/GCI#test-plans for details.\n\nThis task is for validating the Potions module using the existing test plan at https://github.com/Terasology/Potions/wiki/Test-Plan - note that potions tend to be tricky and break somewhat regularly so this may need a lot of confirmation from a mentor whether something is truly broken or just hard to test\n\n# Definition of \'Done\'\n\n* Student should provide a step-by-step review notes including screenshots for testing the Rails module. This should be provided in a separate document (not a task comment!) like a GitHub Gist or forum thread\n* If any steps fail include details for the failure and review the issue with a mentor before submitting the task (get guidance on whether it is a test plan failure or a misunderstanding)\n* Any improvements to the test plan have been edited into the wiki page\n\n# Where to start\n\n* See https://github.com/MovingBlocks/Terasology/wiki/GCI#test-plans to learn more about test plans\n* Download the game at https://github.com/MovingBlocks/Terasology/releases or use the game launcher\n* Run the game with the Potions module active and step through the test plan, taking notes!\n\n# See also\n\n* Other tasks involving test plans, either reviewing existing ones or writing new ones',NULL,0,'Test plan: Potions module, go through and test, update if needed',1843200,'https://trello.com/c/CNETAlBS','5b9b100cca1728134ee88b15','5bb13ffda245836ef12b392c'),('59eebbda767ba36eb8b83780',NULL,1,'2020-09-13 00:02:05.352048','2018-10-22 15:35:37.335000','2020-09-13 00:02:05.352049','{emoji={}}','As a prerequisite you should first do the task to set up a developer workspace for yourself. Then this task can be paired with another student performing the developer workstation setup with you guiding them and gathering notes on how well they did and if the setup instructions could be improved.\n\nNote that ideally your friend should actually be able to use the help - no fair if you try to \"help\" an IT professional set up to run from source! ;-)\n\n# Definition of \'Done\'\n\n* Student should provide a small report of how their friend managed to set up to run from source and which problems were encountered, if any, with improvements to the documentation suggested (use a GitHub Gist or a forum thread)\n* Provide a screen from your friend\'s computer showing the game running from source at the same time some chat from you is visible (like a running chat log from IRC or some instant messenger)\n* Bonus: Have either/both of you provide a minimal new game asset in a PR as well\n\n# Where to start\n\n* See https://github.com/MovingBlocks/Terasology/wiki/Dev-Setup for instructions - although you should have already gone through those!\n* See https://github.com/Terasology/TutorialAssetSystem/wiki for basic asset work (other tasks also available there)\n\n# See also\n\n* Prerequisite: The dev setup / workspace task\n* Suggested follow-up: help a friend test a feature in multiplayer',NULL,0,'Introduce a friend to running the game from source and adding a simple new piece of content',344064,'https://trello.com/c/B5plkpua','5b9b100cca1728134ee88b15','5bb1400605e0cc6f01a9e124'),('59ef5c5b77e54a2b00ae7977',NULL,1,'2020-09-13 00:02:05.340628','2018-10-22 15:35:37.295000','2020-09-13 00:02:05.340629','{emoji={}}','TODO: Make a next step task that includes the https://forum.terasology.org/threads/facadeserver-headless-server-with-web-interface.1906/\n\nOne of the biggest features of Terasology is the multiplayer aspect of the game. As part of this task, we would like the students to set up a multiplayer server, play around in it with their friends and report back any issues they encounter or suggestions they have.\n\n# Definition of \'Done\'\n\n* Student should provide step-by-step review notes including screenshots of the game showing other people in-game. This should be provided in a separate document (not a task comment!) like a GitHub Gist or forum thread\n* If any steps fail include details for the failure and review the issue with a mentor before submitting the task (get guidance on whether it is a Terasology issue or an issue of misconfiguration)\n\n# Where to start\n\n* Download the game launcher - https://github.com/MovingBlocks/TerasologyLauncher/releases\n* Start a new server with a few fun mods enabled, and go bananas!\n\n# See also\n\n* If you haven\'t already, check out \"Help a friend build from source\" before this task.',NULL,0,'Set up a game server, write feedback on usability',278528,'https://trello.com/c/PCYbC38W','5b9b100cca1728134ee88b15','5bb1400605e0cc6f01a9e124'),('59ef5c713a5f6ac3f9e6a353',NULL,1,'2020-09-13 00:02:05.216478','2018-10-22 15:35:37.299000','2020-09-13 00:02:05.216479','{emoji={}}','#Review wiki pages\nEvery open source project needs documentation - tons and tons of it. However, with time the documentation might become obsolete, and even the documentation that isn\'t obsolete can always use some love.\n\nThis task requires the students to go through the wiki, fixing broken links or better expressing a particular section.\n\n# Definition of \'Done\'\n\n* Make a new page with the \"gciDraft\" suffix, and make all the relevant changes to that page.\n* Screenshots highlighting the changes made to the page.\n\n# Where to start\n\n* Check out the wiki\'s for modules by going to a repo on [this list](https://github.com/Terasology) and then going to the wiki tab\n    * Not all modules have wikis, if the module you open doesn\'t have one then just pick a different module.\n* [The main Terasology wiki](https://github.com/MovingBlocks/Terasology/wiki)\n* [The main Destination Sol wiki](https://github.com/MovingBlocks/DestinationSol/wiki)\n\n# See also\n\n* Other tasks related to documentation, like \"flesh out NUI wiki\".',NULL,0,'Review wiki pages',278528,'https://trello.com/c/gsnphwJv','5b9b100cca1728134ee88b15','5bb13feff9698564f44ccc4b'),('59ef5f40a528e1919364fedd',NULL,1,'2020-09-13 00:02:05.278885','2018-10-22 15:35:16.278000','2020-09-13 00:02:05.278885','{emoji={}}','#Run the game with a profiler to find something bad\nTerasology\'s core developers regularly use profiling tools to measure game performance: random lag or inconsistent performance over long periods of time can be a sign of a badly optimized system, and memory usage constantly going up over time can only mean that a memory leak\'s managed to sneak in. \n\nYour task is to test the performance of the running game with some set of modules enabled that end up causing a game slowdown. Look at the profiler data, take some screenshots, and propose a theory as to what\'s wrong and what may help.\n\n# Definition of \'Done\'\n\n* You\'ve managed to run the game with the YourKit profiler enabled - take one or more screenshots of a case in which it looks like something is problematic with performance (some operation takes a while and is heavily tied up in one or two specific areas)\n* Provide a small write-up with a theory as to why and how the problem may be resolved (as a GitHub Gist/issue or forum post)\n\n# Where to start\n\n* Firstly you should pick which profiler you want to use. We recommend either java\'s FlightRecorder or YourKit.\n  * If you pick Flight Recorder then [use the default run profile](https://github.com/MovingBlocks/Terasology/pull/3475)\n  * If you use [YourKit then download it](https://yourkit.com/java/profiler/download) using the 15 day free trial\n  * Read some docs or watch some demos - https://yourkit.com/docs (YouTube would probably also be good)\n  * Get YourKit hooked up with IntelliJ running Terasology \n* Try out the JoshariasSurvival gameplay template - there are known memory leaks somewhere in there',NULL,0,'Run the game with a profiler to find something bad',622592,'https://trello.com/c/VPygGwkN','5b9b100cca1728134ee88b15','5bb13ffda245836ef12b392c'),('59efb4085a6b13da522244da',NULL,1,'2020-09-13 00:02:05.128227','2018-10-22 15:35:37.266000','2020-09-13 00:02:05.128228','{emoji={}}','One of the oddities missing from our in-house UI framework is support for tabbing between components, and a notion of tab order values being assigned to UI components somehow.\n\nThis task is meant to implement such a tab ordering system.\n\nThe concept of order between components might need to be introduced, or maybe some sort of existing depth value could be reused. Components need to be able to have their tab order set explicitly, but by default should likely increment up based on the order in which the components are added. Some components (like labels) should be opted out of the tabbing order.\n\nThis may not be a super easy task so make sure you\'ve done several other UI tasks before attempting this one.\n\n# Definition of \'Done\'\n\n* A PR is submitted to the engine repository adding tabbing support to NUI components. This should include sensible defaults for existing components.\n* Include a series of screenshots, a gif, or a small video showing you tabbing between different elements, seeing the focus move along different buttons.\n\n# Where to start\n\n* [The tutorial for the UI system](https://github.com/Terasology/TutorialNUI)\n* Other UI tasks\n\n# See also\n\n* [The GCI guide on UI](https://github.com/MovingBlocks/Terasology/wiki/GCI#user-interface)\n* [The primary issue for this task](https://github.com/MovingBlocks/Terasology/issues/483)',NULL,0,'Add tab order to NUI',2076670,'https://trello.com/c/JLXHGy0a','5b9b100cca1728134ee88b15','5bb13fe396623c2292321640'),('59f24fc7418df6035da0b697',NULL,1,'2020-09-13 00:02:05.483416','2018-10-01 01:49:59.608000','2020-09-13 00:02:05.483417','{emoji={}}','Cards in this list should use the \"Card Repeater\" Trello powerup, much like https://trello.com/b/E6PfiSX8/roles-and-projects board will when we start using it seriously. The idea is to make cards that spawn new instances on a regular basis into a second list, that\'ll then show a growing backlog of things needing work.\n\nFor GCI let us try doing this just for having people commit to making new tasks every x days so we can have plenty by the time the program opens ;-)\n\nSo! If you volunteer to make at least 1 task every x days simply add a card here saying so, assign yourself, and enable the Repeater, setting it accordingly to when you think you can add a task. If you miss one or two that\'s fine, you\'ll just have to catch up when you can :D\n\nSuggestion: Make a copy of the template card to use as your repeater card.  That way you can edit the card the repeater created to craft the task, then move it over into a different list to park the prepared task. Or if you create a task directly in the GCI site move the card into the \"Tasks moved to GCI site\" list',NULL,0,'What is this?',16384,'https://trello.com/c/vJfRoR5X','5b9b100cca1728134ee88b15','5b9b100cca1728134ee88b1d'),('59f294e436cf489c939d06ad',NULL,1,'2020-09-13 00:02:04.946413','2018-09-14 12:59:33.793000','2020-09-13 00:02:04.946414',NULL,'Since that effort does much the same thing: try to make a project more welcoming to new contributors. https://github.com/blog/2452-get-started-with-hacktoberfest',NULL,0,'Review some good practices from Hacktoberfest?',114688,'https://trello.com/c/KLnP1LRf','5b9b100cca1728134ee88b15','5b9b100cca1728134ee88b16'),('59f89e063f4410abebb99c31',NULL,1,'2020-09-13 00:02:04.852942','2018-10-01 09:01:11.856000','2020-09-13 00:02:04.852942',NULL,'TeraMath is a math library that is written for Terasology. Vector project is a function of projecting a vector U onto V. Write some test vectors that show that vector project is working correctly.\n\nhttps://en.wikipedia.org/wiki/Vector_projection\n\n\n![vector](https://trello-attachments.s3.amazonaws.com/59ee428ff5d7da7d752ab669/59f89e063f4410abebb99c31/7ff4400e6f8f0c883c0ed0b61e552bbb/vector.png)\n\n# Definition of \'Done\'\n\n* A functioning unit test that shows the project function works correctly\n\n# Where to start\n\n* Look at the project function: https://github.com/pollend/TeraMath/blob/a315cca94a0a26a26100d002eecd98047bbe1af7/src/generator/resources/BaseVector.st#L96\n\n* Example test can be found under TeraMath/src/test/java/org/terasology/math/geom/ \n\n* Write a test for each use case of project under:\n - ImmutableVector2dTest.java\n - ImmutableVector3dTest.java\n - Vector2dTest.java\n - Vector3dTest.java\n\n# See also\n\n* TODO: link to how to write unit test\n* \n\n# Tags\n\n* UnitTest',NULL,0,'UnitTest: TeraMath Project',319488,'https://trello.com/c/KI96emVg','5b9b100cca1728134ee88b15','5b9b12cc027ee465284c3254'),('59f89e1ffefa82f1077e869a',NULL,1,'2020-09-13 00:02:05.240655','2018-10-22 15:35:16.215000','2020-09-13 00:02:05.240656','{emoji={}}','Every project loves unit tests, but few have enough!\n\nOur engine has nearly 700 tests, which is nowhere near enough, yet modules often have none at all.\n\nYour task is to find a module without tests (or with very few), containing logic that *can* be tested, then adding some tests (5+) to validate some / all of the logic.\n\n# Definition of \'Done\'\n\n* A PR is submitted to a module repo containing new tests for any module repo with code to unit test.\n* Include a screenshot of successful test output or copy the output\n\n# Where to start\n\n* Read http://forum.terasology.org/threads/tutorial-unit-testing-intensifies.1878/ for an introduction to unit testing and the general philosophy of why\n* See some of the unit tests in the engine (http://jenkins.terasology.org/job/Terasology/lastCompletedBuild/testReport/) or or the few modules that do have unit tests (like the NameGenerator or MarkovChains) for inspiration\n* Look for a module with code in it that is lacking tests - see https://github.com/Terasology and look for a `src/main/test` path - that\'s where tests would exist\n\n# See also\n\n* https://github.com/MovingBlocks/Terasology/wiki/GCI#quality-assurance for some general stuff on testing',NULL,0,'Unit testing: Add tests to an existing module',32768,'https://trello.com/c/maVq3aqf','5b9b100cca1728134ee88b15','5bb13ffda245836ef12b392c'),('5a008715d41fea7451962864',NULL,1,'2020-09-13 00:02:04.996608','2018-10-23 00:43:55.826000','2020-09-13 00:02:04.996609','{emoji={}}','# Create a Unique Cart\n\nRails is a module that adds carts and rails to Terasology. This module at the moment has a base cart and base rail segment and a flip-able T junction. We would like to expand on this and add a variety of both new rail segments and carts to the AdditionalRails Module.\n\nFeel free to make the assets temporary in the sense that its ok to reuse the carts from the base module. Make sure to make them distinguishable from the default  to avoid confusion. The carts themselves can be reworked in the future. \n\nThe one example that comes with Additional Rails module is locomotive cart. Basically this is a self powered cart that can push things. joining carts is not possible at the moment. The cart does not need to be really creative to be a contribution. Generally the more mundane the better. \n\nThis tasks focuses on adding a new carts to Terasology.\n\n# Definition of \'Done\'\n\n* Demonstrate that the additional rail/cart is working as intended.\n * Show a screenshot of the finished cart but a video would be preferable\n* Create a pull request on the [AdditionalRails](https://github.com/Terasology/AdditionalRails) Repository\n\n# Where to start\n\n* Look at the example [locomotive](https://github.com/Terasology/AdditionalRails/blob/master/src/main/java/org/terasology/additionalRails/action/LocomotiveAction.java) that comes with the AdditionalRails module.\n* More Details about the base implementation are found in the [Rails module](https://github.com/Terasology/Rails\n)\n * Look at the base cart that comes with Rails\n\n# See also\n* [Task to Research new Rail/Cart](https://codein.withgoogle.com/dashboard/tasks/5165141185265664/)\n* [Task to Create a Unique Rail](https://codein.withgoogle.com/dashboard/tasks/4555414944350208/)',NULL,0,'Create a Unique Cart',849920,'https://trello.com/c/TI679duN','5b9b100cca1728134ee88b15','5bb10eaaa163492c93420393'),('5a047ba7d4692dd95ea37b16',NULL,1,'2020-09-13 00:02:04.988744','2018-10-22 15:35:37.370000','2020-09-13 00:02:04.988745','{emoji={}}','#Create a Unique Rail\n\nRails is a module that adds carts and rails to Terasology. This module at the moment has a base cart and base rail segment and a flip-able T junction. We would like to expand on this and add a variety of both new rail segments and carts to the AdditionalRails Module.\n\nFeel free to make the assets temporary in the sense that its ok to reuse the carts from the base module and base rail segments. Make sure to make them distinguishable from the default  to avoid confusion. \n\nAdditional Rails module comes with a booster rail. Basically the booster rail will add acceleration to a cart up to some fixed velocity. This is fairly simple but its possible to add more complex rail segments. \n\nThe new addition does not necessarily really need to involve a new track segment.  The T junction at the moment can be switched with the wrench. Using some kind of switch block next to one of these tracks that switches the  with the signalling module would be of interest. Basically this would allow some basic automation of switching using signalling. More mundane block such as a track segment that slows down a cart would also be good. \n\nThis tasks focuses on adding new rail block to Terasology. Feel free to incorporate other modules.\n\n# Definition of \'Done\'\n\n* Demonstrate that the additional rail/cart is working as intended.\n * Show a screenshot of the finished cart but a video would be preferable\n* Create a pull request on the AdditionalRails Repository\n\n# Where to start\n\n* Look at the [booster rail](https://github.com/Terasology/AdditionalRails/blob/master/src/main/java/org/terasology/additionalRails/action/BoosterAction.java) block that comes with the module\n\n* More Details about the base implementation are found in the Segmented Paths module.\n\n# See also\n\nhttps://github.com/Terasology/Rails\nhttps://github.com/Terasology/AdditionalRails',NULL,0,'Create a Unique Rail',647168,'https://trello.com/c/LbdjOhVh','5b9b100cca1728134ee88b15','5bb10eaaa163492c93420393'),('5a071ebe0f9119e7ea623c04',NULL,1,'2020-09-13 00:02:05.320605','2018-10-22 15:35:37.326000','2020-09-13 00:02:05.320606','{emoji={}}','# Research New Rail/Cart\nRails is a module that adds carts and rails to Terasology. At the moment we only have a handful of carts and a few rails.  \nWe would like to expand on this and add a variety of both new rail segments and carts to the Additional Rails Module.\n\nThis task involves researching and designing a new cart or rail to be added to the module. This cart can use functionality from other modules, like the Planting and Harvesting carts which use features from Simple Farming.\n\n*We will not accept submissions with only a few sentences. Please be detailed.*\n\n# Definition of Done\n* A [GitHub Gist](https://gist.github.com/) with a detailed description of the new cart/rail\n\n# Where to start\n* Take a look at [all the existing Terasology repos](http://github.com/Terasology)\n* Have a look at [existing carts in Additional Rails](https://github.com/Terasology/AdditionalRails)\n\n# See Also\n* One other Rails task\n* Follow up task to implement a new cart design',NULL,0,'Research new Rail/Cart',49152,'https://trello.com/c/ltMjTc3D','5b9b100cca1728134ee88b15','5bb1400605e0cc6f01a9e124'),('5b9b1054ebb7938b3b80e1c6',NULL,1,'2020-09-13 00:02:04.896204','2018-09-18 00:35:02.498000','2020-09-13 00:02:04.896206','{emoji={}}','Welcome to our task staging board for [GCI 2018](https://codein.withgoogle.com/about/)!\n\nWe\'ll be developing tasks here before entering them into the GCI system, keeping some back to have a reserve for later in the work period.\n\n## Task Types\n\nLabels are used to mark the type (not category, that\'s the column) of a task.\n\n* Multi-instance - this task will be entered with `x` available copies of the same base task. Either students can do the same thing over and over (setting up their own source code workspace) or there is enough ground to cover for multiple students (adding javadoc to various places). In some cases the instance count will be increased over the work period\n* Task Chain - this task is part of a multi-step chain where it is expected a student will go step-by-step in order (most if not always these tasks will also be multi-instance). Traditionally these have been very popular\n* Task Series - this task is one card in Trello but will be written out into multiple tasks on the GCI site that are closely related yet unique. Use \"`#` x\" in the card title to indicate roughly how many tasks are expected\n* Advanced - for the rare excelling student looking for something more challenging. These tasks should caution to students that they are of above average difficulty and unless comfortable with the topic work some more normal tasks first\n\n## Task areas\n\nLabels are also used to indicate the target project as we have multiple areas to write tasks about: our primary projects and some sub-projects or even umbrella projects.\n\n* Terasology tasks: primary and likely a majority of the tasks. Lots of things to screenshot in-game, write-up on GitHub or in our forum, and discuss on our IRC\n* Destination Sol tasks: secondary project as we\'ve matured it to where it is easier to code on and add new content like spaceships to\n* Tertiary tools and other smaller projects: We have a few other projects like the Box2D editor for DestSol and a growing collection of utilities to work on, we may be able to make some tasks out of those as well\n* Tiled - should we consider being an umbrella corp again for Tiled or anybody else?\n\n## Self Challenging Tasks\n\nFor volunteers eager to help make tasks: Challenge yourself to write 1 task every x days over in \"Volunteer Task Maker\" list (enable the \"Repeater\" addon) then use the cards that generate as a draft for a new task.\n\n## Archives\n\nLook at https://codein.withgoogle.com/archive/2016/organization/5742351410528256/task/ or https://codein.withgoogle.com/archive/2017/organization/5750501782061056/task/ for tasks from past years, plenty of those (especially multi-instance) should still be workable as new tasks for this year',NULL,0,'Please read me for info :-)',16384,'https://trello.com/c/dlupyclk','5b9b100cca1728134ee88b15','5b9b100cca1728134ee88b16'),('5b9b1060e173eb29dc81890a',NULL,1,'2020-09-13 00:02:04.904894','2018-10-21 23:09:12.606000','2020-09-13 00:02:04.904895','{emoji={}}','# Title (card name)\n\nIntro text - describe the involved stuff (code, component, website, document, etc) briefly, what\'s missing, and what\'s desired\n\n# Definition of \'Done\'\n\n* Put bullet points here for the final state that\'ll satisfy the task\n* Include at least one \"deliverable\" - usually a screenshot for any task involving game assets (forces testing of the game - if it doesn\'t work yet then the task isn\'t done yet, ask for help!), a forum thread or wiki page for a document, a youtube link for a video, and so on\n\n# Where to start\n\n* More bullet points! Give the student instructions for the starting state to aim for (working workspace etc)\n* Give names of classes or other code resources to search for, if applicable\n* Link to related information to investigate\n\n# See also\n\n* Put a link here to a section on https://github.com/MovingBlocks/Terasology/wiki/GCI if there is one describing this specific category of task\n* Any other information that may be relevant, such as suggested tasks to consider before or after this task',NULL,0,'Task template',32768,'https://trello.com/c/hfwnyYYu','5b9b100cca1728134ee88b15','5b9b100cca1728134ee88b16'),('5b9b108266824a3226f0ac12',NULL,1,'2020-09-13 00:02:04.914301','2018-09-19 02:49:18.294000','2020-09-13 00:02:04.914303','{emoji={}}','General notes for good areas to write Terasology tasks for \n\n* Videos - we should probably put a section on the GCI wiki page for how to best make a video, including the little teaser/prefix clip we use for Terasology videos?\n* Rail related tasks - Skysom & mpollend ?\n* GooKeeper - new creatures, blocks, etc\n* MasterOfOreon - new buildings, tasks, Oreon types, etc\n* GooeyDefence - new tower pieces, new enemies\n* KComputer - new peripherals?\n* Light & Shadow - new weapons / mechanics, help finish MVP? Trickier\n* Event recording - prepare new tests\n* Server facade - mix it into the task(s) for experimenting with the game and writing feedback?',NULL,0,'Terasology idea areas',49152,'https://trello.com/c/Jba40Lqy','5b9b100cca1728134ee88b15','5b9b100cca1728134ee88b16'),('5b9b108ae23e8c816c6a42f6',NULL,1,'2020-09-13 00:02:04.924498','2018-09-15 00:17:47.285000','2020-09-13 00:02:04.924499',NULL,'TODO: General notes for good areas to write tasks for here',NULL,0,'Destination Sol idea areas',65536,'https://trello.com/c/1dcyO6bw','5b9b100cca1728134ee88b15','5b9b100cca1728134ee88b16'),('5b9b1095f802330d04a60140',NULL,1,'2020-09-13 00:02:04.931291','2018-09-15 00:17:52.545000','2020-09-13 00:02:04.931291',NULL,'TODO: General notes for good areas to write tasks for here\n\n(Example sub projects: Box2D editor for DestSol, Hubot/Probot stuff, etc)',NULL,0,'Misc sub-project idea areas',81920,'https://trello.com/c/kYI1fzDR','5b9b100cca1728134ee88b15','5b9b100cca1728134ee88b16'),('5b9b14f26f716e4f380083cf',NULL,1,'2020-09-13 00:02:05.312286','2018-10-23 16:58:49.353000','2020-09-13 00:02:05.312287',NULL,'Beyond manual testing, writing test plans, and basic unit testing there are more advanced sorts of testing that can be done with the help of tools. Terasology has a game environment testing class called the ModuleTestingEnvironment (MTE) that can start a headless game server, connect clients to it, and simulate activities that can then be validated against.\n\nYour task is to use this class to validate some activity from a module. The existing (and new during this GCI) test plan write-ups are ideal material for this task, and automating a full one would be amazing!\n\n# Definition of \'Done\'\n\n* A PR is submitted to a module repo with a MTE test suite exercising some of the module\n* Take a screenshot or copy paste a successful execution of the MTE test suite to include\n\n# Where to start\n\n* See the MTE instructions at https://github.com/Terasology/ModuleTestingEnvironment and its forum thread at http://forum.terasology.org/threads/moduletestingenvironment-integration-testing-with-in-process-engine-objects.1884\n* Read one or more of the test plans, try following them manually in-game, review the code they\'re exercising, then use the MTE to cause each step of what you previously did manually in the game client\n\n# See also\n\n* The test plan tasks - you can do one of those first then write an MTE test suite to validate each step in the test plan \n* The various other unit test related tasks (doing those first as well could be helpful)\n\n\n# Tags\n\n(These get entered separately on the GCI site, so they don\'t count toward the body character count limit)\n\n* Testing\n* Integration Testing\n* Automation\n* Logistics',NULL,0,'Advanced Integration Testing - validate a thing in-game automatically',1908740,'https://trello.com/c/g4kcKtbw','5b9b100cca1728134ee88b15','5bb13ffda245836ef12b392c'),('5b9b217dd55c268376365e8d',NULL,1,'2020-09-13 00:02:04.607872','2019-10-17 01:05:07.402000','2020-09-13 00:02:04.607874','{emoji={}}','Initial setup task certainly is multi-instance, maybe including a silly throwaway plugin. Past that maybe this is more of a unique task for specific things we need',NULL,0,'Chat bot (difficulty: infrastructure, permissions, testing)',65535,'https://trello.com/c/XNsRk2Zl','5b9b100cca1728134ee88b15','5b9b100cca1728134ee88b18'),('5b9b2195b1d4644d7e999fc7',NULL,1,'2020-09-13 00:02:04.627562','2018-09-14 12:58:13.764000','2020-09-13 00:02:04.627563','{emoji={}}','Chain potential: \n\n* Make a simple behavior and show that it works\n* Apply the behavior to some actual gameplay content (comes close to Master of Oreon\'s task potential)\n* Validate the behavior using automated testing (MTE, event recording?)\n\n*Note:* In the past we had a task to write out *designs* for behaviors that would then be implemented. There are still a bunch of them in the forum we could link from here, and we could do the task again (just ask to be distinct from existing write-ups)',NULL,0,'Behavior tree AI (difficulty: tricky subject, fairly deep to mentor)',131071,'https://trello.com/c/9mPscZTm','5b9b100cca1728134ee88b15','5b9b100cca1728134ee88b18'),('5b9bf5441eb0c68a7759ff50',NULL,0,'2020-09-13 00:02:04.863723','2018-09-15 03:52:50.753000','2020-09-13 00:02:04.863726','{emoji={}}','Title (card name)\nIntro text - describe the involved stuff (code, component, website, document, etc) briefly, what\'s missing, and what\'s desired\n\nDefinition of \'Done\'\nPut bullet points here for the final state that\'ll satisfy the task\nInclude at least one \"deliverable\" - usually a screenshot for any task involving game assets (forces testing of the game - if it doesn\'t work yet then the task isn\'t done yet, ask for help!), a forum thread or wiki page for a document, a youtube link for a video, and so on\nWhere to start\nMore bullet points! Give the student instructions for the starting state to aim for (working workspace etc)\nGive names of classes or other code resources to search for, if applicable\nLink to related information to investigate\nSee also\nPut a link here to a section on https://github.com/MovingBlocks/Terasology/wiki/GCI if there is one describing this specific category of task\nAny other information that may be relevant, such as suggested tasks to consider before or after this task\nTags\n(These get entered separately on the GCI site, so they don\'t count toward the body character count limit)\n\nTag 1\nTag 2\nTag 3 ...',NULL,0,'Replay Test: Damage taken after a fall',1581060,'https://trello.com/c/2OjtUFPu','5b9b100cca1728134ee88b15','5b9b12cc027ee465284c3254'),('5b9bf5841eb0c68a775a0c9e',NULL,0,'2020-09-13 00:02:04.874244','2018-09-15 03:53:28.867000','2020-09-13 00:02:04.874245',NULL,'# Title (card name)\n\nIntro text - describe the involved stuff (code, component, website, document, etc) briefly, what\'s missing, and what\'s desired\n\n# Definition of \'Done\'\n\n* Put bullet points here for the final state that\'ll satisfy the task\n* Include at least one \"deliverable\" - usually a screenshot for any task involving game assets (forces testing of the game - if it doesn\'t work yet then the task isn\'t done yet, ask for help!), a forum thread or wiki page for a document, a youtube link for a video, and so on\n\n# Where to start\n\n* More bullet points! Give the student instructions for the starting state to aim for (working workspace etc)\n* Give names of classes or other code resources to search for, if applicable\n* Link to related information to investigate\n\n# See also\n\n* Put a link here to a section on https://github.com/MovingBlocks/Terasology/wiki/GCI if there is one describing this specific category of task\n* Any other information that may be relevant, such as suggested tasks to consider before or after this task\n\n# Tags\n\n(These get entered separately on the GCI site, so they don\'t count toward the body character count limit)\n\n* Tag 1\n* Tag 2\n* Tag 3 ...',NULL,0,'Task template 2',1581060,'https://trello.com/c/nZlz0VOU','5b9b100cca1728134ee88b15','5b9b12cc027ee465284c3254'),('5b9bf6084be8de784ba1be97',NULL,1,'2020-09-13 00:02:05.232693','2018-10-22 15:35:16.188000','2020-09-13 00:02:05.232694','{emoji={}}','# Replay Test: Damage taken after fall\n\nWith the new Record and Replay (R&R) feature we can now record a game using the Core module and then use that as a test.\n\nThis task is to use R&R as well as `TestReplayModule` to test falling off something high and then to test that the player takes fall damage.\n\n# Definition of \'Done\'\n\n* A Replay Test that executes a replay that the player takes fall damage and then asserts the damage.\n* A video showing the replay running on the headed test environment and the assert passing.\n\n# Where to start\n\n* Get `TestReplayModule` on your workspace. [Instructions on how to fetch a module](https://github.com/MovingBlocks/Terasology/wiki/Developing-Modules)\n* [Read about Replay Tests on the wiki](https://github.com/MovingBlocks/Terasology/wiki/Replay-Tests)\n* [Check the example test code](https://github.com/Terasology/TestReplayModule/blob/master/src/test/java/org/terasology/replayTests/examples/ExampleAcceptanceTest.java) to understand how to get the `LocalPlayer` from the game.\n* Get the necessary data for the test from the `LocalPlayer` or `CoreRegistry`\n\n# See also\n\n* [The Record and Replay Wiki](https://github.com/MovingBlocks/Terasology/wiki/How-to-Use-Record-and-Replay)',NULL,0,'Replay Test: Damage taken after fall',24576,'https://trello.com/c/PejrPZfd','5b9b100cca1728134ee88b15','5bb13ffda245836ef12b392c'),('5b9e868de8f242483df5454d',NULL,1,'2020-09-13 00:02:05.174735','2018-10-22 15:35:37.259000','2020-09-13 00:02:05.174736','{emoji={}}','# Updated training video for dev setup\n\nOnce in a while somebody will prepare a video showing them setting up to run Terasology from source then proceed to develop something minor to demonstrate. But these videos go out of date as the project changes.\n\nThe goal of this task is to make a new one showcasing the very latest code and utility, such as using the `groovyw` script to fetch and update modules.\n\nAlternatively this could also be done for Destination Sol or some of our tool projects (the Box2D Editor, Kallisti + JNLua, etc)\n\n# Definition of \'Done\'\n\n* A video is submitted online in a public video sharing site - likely Youtube, but Vimeo would also work\n* The video should show the process from start to finish (cloning the code to the game running from source)\n* Include a few new elements like how to use the `groovyw` script and some new modules of interest like the ModuleTestingEnvironment or TestReplayModule\n\n# Where to start\n\n* See some older example videos like https://www.youtube.com/watch?v=m2t5Xl0Zxos or https://www.youtube.com/watch?v=cCMQ5VaKnfw or even [this blog guide by Nihal](https://nihal111.github.io/2016/11/22/Terasology-Getting-started.html)\n* Review the Terasology dev docs, such as https://metaterasology.github.io/docs/developerIntro/fullWorkspace.html\n* Consider searching Google for tips and tricks to make nice and engaging instructional videos. For instance you can use text-based annotation instead of voice instructions (those can be edited over time and translate easier)\n\n# See also\n\n* Put a link here to a section on https://github.com/MovingBlocks/Terasology/wiki/GCI if there is one describing this specific category of task\n* Any other information that may be relevant, such as suggested tasks to consider before or after this task',NULL,0,'Updated training video for dev setup',32768,'https://trello.com/c/1g56umm3','5b9b100cca1728134ee88b15','5bb13feff9698564f44ccc4b'),('5b9e8a5ec0504c1d6e02ab4e',NULL,0,'2020-09-13 00:02:04.720205','2018-09-24 12:51:54.183000','2020-09-13 00:02:04.720206',NULL,'',NULL,0,'Add a custom model for a block or entity',2043900,'https://trello.com/c/g0R2L8Sj','5b9b100cca1728134ee88b15','5b9b100cca1728134ee88b18'),('5b9e8c61f13cc833b4f6926a',NULL,0,'2020-09-13 00:02:04.648377','2018-09-18 00:02:54.703000','2020-09-13 00:02:04.648379',NULL,'',NULL,0,'use the blender exporter',278527,'https://trello.com/c/ddI8JDPb','5b9b100cca1728134ee88b15','5b9b100cca1728134ee88b18'),('5b9ea2c7734f9d423e86a97b',NULL,1,'2020-09-13 00:02:05.082913','2018-10-22 15:35:37.202000','2020-09-13 00:02:05.082914','{emoji={}}','# Add a screen to name a recording\n\nAt the moment when the user saves a recording it defaults to the name of the world. This can lead to older recordings being overwritten.\n\nIf there is already a recording with the same name then a screen should be shown asking the user to either re-name the recording or overwrite the existing recording.\n\n# Definition of \'Done\'\n\n* Creation of a new file `.ui` that consists of a screen asking for the recording\'s name.\n* The screen triggers when a recording of the same name already exists.\n* [A new PR to the engine with the above changes](https://github.com/MovingBlocks/Terasology)\n\n# Where to start\n\n* [Check the UI Tutorial for how to make a new screen](https://github.com/Terasology/TutorialNui/wiki/Quick-Start)\n* [Check out some existing ui files for examples](https://github.com/MovingBlocks/Terasology/tree/develop/engine/src/main/resources/assets/ui)\n\n# See also\n\n* [The issue this task is based off](https://github.com/MovingBlocks/Terasology/issues/3465)',NULL,0,'Add a screen to name a recording',1667070,'https://trello.com/c/dvFLKUjF','5b9b100cca1728134ee88b15','5bb13fe396623c2292321640'),('5b9ec386fd71a075d05b1c8d',NULL,1,'2020-09-13 00:02:04.829542','2018-09-18 00:15:40.849000','2020-09-13 00:02:04.829545','{emoji={}}','# Write wiki page for Destination Sol\n\nOur secondary game, Destination Sol, has recently gone through some changes, which are not yet reflected in the project\'s wiki. More importantly, though, lots of guides useful for content creation has so far not been written at all. Thus, your task will be to write one of those pages, so other contributors can then use them to create interesting new content!\n\n# Definition of \'Done\'\n\n* A new wiki page for one of the topics in [this issue](https://github.com/MovingBlocks/DestinationSol/issues/218) is written.\n* Once done, supply a link to the task in here.\n\n# Where to start\n\n* Familiarize yourself with the concepts used during new content creation\n* See https://help.github.com/articles/about-github-wikis/ to find out what github wiki is and how to work with it\n* Pop-in to our chat to ask for help if you need so! (https://forum.terasology.org/pages/chat/)\n\n# See also\n\n* TODO put links to creating new ships tasks\n\n# Tags\n\n* Documentation\n* Tag 2\n* Tag 3 ...',NULL,0,'5x Write wiki page for Destination Sol',49152,'https://trello.com/c/gH3V0hyG','5b9b100cca1728134ee88b15','5b9b12a5484539133a006dc9'),('5b9ee9bb1711791180e51817',NULL,1,'2020-09-13 00:02:05.091308','2018-10-23 04:08:41.517000','2020-09-13 00:02:05.091308','{emoji={}}','# Improve Record and Replay UI\n\nThe Record and Replay feature needs some UI changes since its addition resulted in the addition of two buttons to the Main Menu. Those buttons should go somewhere else to make the Main Menu cleaner, see the issue for some suggestions of other places to put them.\n\n# Definition of \'Done\'\n\n**Please get your design approved by a mentor before making the PR**\n\n* The change to the ui should be made in [a PR to the main engine](https://github.com/MovingBlocks/Terasology)\n\n# Where to start\n\n* [Check the UI Tutorial for how to make a new screen](https://github.com/Terasology/TutorialNui/wiki/Quick-Start)\n* [Check out some existing ui files for examples](https://github.com/MovingBlocks/Terasology/tree/develop/engine/src/main/resources/assets/ui)',NULL,0,'Improve Record and Replay UI',1732610,'https://trello.com/c/jBaFyEBb','5b9b100cca1728134ee88b15','5bb13fe396623c2292321640'),('5b9ef572ade870751753ea28',NULL,1,'2020-09-13 00:02:04.839265','2018-09-21 02:56:03.252000','2020-09-13 00:02:04.839267','{emoji={}}','# Title (card name)\n\nTerasology uses an [entity system](https://en.wikipedia.org/wiki/Entity%E2%80%93component%E2%80%93system) for just about everything, and our goal is to apply the same library to Destination Sol. While we have a decent amount of documentation on it we don\'t have one of our typical tutorials-in-a-repo yet. This task includes creating the very basics of such a tutorial!\n\n.. times 3, as we really need this for the basic ES intro, then one focused around events and interactions, and finally one for how to annotate your stuff right for multiplayer. So this card could probably split into 3 separate pseudo-chains each building its own tutorial.\n\n# Definition of \'Done\'\n\n* A new module repo named \"TutorialEntitySystem\" (and \"TutorialEventsInteractions\", and \"TutorialMultiplayerExtras\") is created on GitHub with some sample code that works and at least one chapter in its wiki explaining the sample code\n* Include at least one screenshot in the wiki showing the example functioning\n\n# Where to start\n\n* We have several wiki pages already existing on the topic, such as [this one](https://github.com/MovingBlocks/Terasology/wiki/Entity-System-Architecture) or others listed in the original issue\n* Look at other tutorials like the [world generation tutorial](https://github.com/Terasology/TutorialWorldGeneration/) to see how a tutorial wiki and the associated sample code is lined out\n* Create a new tutorial module locally and make something super simple work! It can be as little as an `UpdateSubscriberSystem` printing a log statement once a second or a block you can `e` click to cause an action\n\n# See also\n\n* https://github.com/MovingBlocks/Terasology/issues/2153 - the original issue requesting this tutorial\n* https://github.com/MovingBlocks/Terasology/issues/2158 - a similar tutorial request that will come up via tasks later\n* TODO: Maybe a new issue request for the multiplayer dedicated one for a better write-up\n\n# Tags\n\n(These get entered separately on the GCI site, so they don\'t count toward the body character count limit)\n\n* Tag 1\n* Tag 2\n* Tag 3 ...\n\n# Meta\n\nThis card can be a task series incrementally building a more advanced tutorial chapter by chapter. It could also lead to https://github.com/MovingBlocks/Terasology/issues/2158 which might be a separate but closely related wikis specifically on events, interactions, and inventory',NULL,0,'15x Tutorials: ES, events, multiplayer',65536,'https://trello.com/c/yp8Vmlm5','5b9b100cca1728134ee88b15','5b9b12a5484539133a006dc9'),('5b9eff39213e8565a7d90f93',NULL,1,'2020-09-13 00:02:04.884399','2018-10-16 06:44:57.712000','2020-09-13 00:02:04.884400','{emoji={}}','# Title (card name)\n\nAs part of GSOC 2018 the [multi-world project](https://trello.com/c/dYU1iOul/38-theflash98-multi-world) overhauled one of our main UI flows: how to create a new game. We\'d like to get some fresh eyes to review both the old and new approach, comparing and critiquing what\'s better, what\'s worse (if any) and what can still be improved.\n\n# Definition of \'Done\'\n\n* A thread is posted in the [suggestions forum](https://forum.terasology.org/forum/suggestions.21/) with notes from your experimenting, ideas for what could be better, what seemed to you to be missing, and so on\n* Include at least one screenshot highlighting something you want to draw attention to, or even a small video snippet / gif.\n* Optional: Consider showing a UI flow from another game you believe could yield some related inspiration for further UI improvements for this part of Terasology\n\n# Where to start\n\n* Grab an older stable release such as [Alpha 9](https://github.com/MovingBlocks/Terasology/releases/download/v1.6.0/TerasologyOmega.zip) and experiment with starting and configuring a new game. Try a few games differently. Take notes about what happened and what stuck out to you\n* Grab the [very latest developer build](http://jenkins.terasology.org/job/DistroOmega/lastSuccessfulBuild/artifact/distros/omega/build/distributions/TerasologyOmega.zip) (or a very recent one anyway if somebody broke the newest..) and do the same\n* Compare your notes for the two different game versions and come up with some ideas for improvements\n\n# See also\n\n* Flash\'s [GSOC blog](https://theflash98.github.io/) entries related to his work on reworking the create game flow\n\n# Tags\n\n(These get entered separately on the GCI site, so they don\'t count toward the body character count limit)\n\n* UI\n* UX\n* Comparison\n* Write-up',NULL,0,'Review and critique changes to Create Game workflow',65536,'https://trello.com/c/luW3amKs','5b9b100cca1728134ee88b15','5b9b12d3e21cdd11a9efbf77'),('5b9f483e054aab25d2e8e3e6',NULL,1,'2020-09-13 00:02:04.819512','2019-10-04 03:06:22.051000','2020-09-13 00:02:04.819514','{emoji={}}','# Design utility interface\n\nSince last GCI, we have gained some small utilities to ease new content creation for Destination Sol. There is however only a few of those, and they look very rough. So, your task will be to design interface of new utility such as the existing, or redesign interface of old one, to look more appealing and easier to control to new content creators.\n\n# Definition of \'Done\'\n\n* A sketch of the new UI window(s) is made and published on our [forum](https://forum.terasology.org/forum/) TODO possibly link to specific subforum\n* Once done, supply a link to the post in here\n\n# Where to start\n\n* Take a look at the existing utilities to see how they look like and what they do\n* Pop-in to our chat to ask for help or suggestions if you need so! (https://forum.terasology.org/pages/chat/)\n\n# See also\n\n* Other existing utilities at https://github.com/MovingBlocks/DestSolMisc\n* Optional followup task on implementing the utility in language of your choice at TODO create and link task, or even decide if plausible and not too hard\n\n# Tags\n\n* Design\n* UI/UX',NULL,0,'Design utility interface',1748990,'https://trello.com/c/fn9hOLEL','5b9b100cca1728134ee88b15','5b9b100cca1728134ee88b19'),('5b9fb4268ea94e5a5ffc4bf9',NULL,1,'2020-09-13 00:02:05.370928','2018-10-22 15:35:37.338000','2020-09-13 00:02:05.370929','{emoji={}}','# Use and provide feedback for our Blender addon(s)\n\nWe use two small Blender addons to take models from Blender and export them into usable game assets. The main one is used for creatures and has a [nice tutorial](https://github.com/Terasology/TutorialAssetSystem/wiki#blender-addon-for-creatures) that came out of some GSOC 2017 work.\n\nThe goal of this task is to try out the tutorial and take a raw Blender model to working in-game asset.\n\n# Definition of \'Done\'\n\n* Functioning game assets have been submitted to a module repo on GitHub\n* One or more screenshots (or a video) of the creature working in-game have been submitted either via link in the GCI task, PR to an existing module, or via forum thread\n\n# Where to start\n\n* Go through the game asset tutorial and especially the [three chapters on the creature addon](https://github.com/Terasology/TutorialAssetSystem/wiki#blender-addon-for-creatures)\n* Look for previously contributed Blender models at https://github.com/MetaTerasology (or make your own / find some with a CC BY 4.0 compatible license)\n* Fetch or create a game module matching the name of the meta module and make sure your exported game assets work with that module enabled in-game\n\n# See also\n\n* The deer is our traditional example. See its [Blender assets](https://github.com/MetaTerasology/WildAnimals/tree/master/deer) and its [game assets](https://github.com/Terasology/WildAnimals/tree/master/assets)\n* There is also an addon for block shapes with a [pending PR](https://github.com/MovingBlocks/TeraMisc/pull/56) - it needs its own tutorial and review',NULL,0,'Use and provide feedback for our Blender addon(s)',475136,'https://trello.com/c/nIu2p6Vw','5b9b100cca1728134ee88b15','5bb1400605e0cc6f01a9e124'),('5b9fb6e6b582cd8f10b4cc25',NULL,1,'2020-09-13 00:02:05.182600','2018-10-22 15:35:37.271000','2020-09-13 00:02:05.182601','{emoji={}}','# Review tutorials for accuracy and training value\n\nWe have a series of tutorial repos with wikis on GitHub. See [this search](https://github.com/Terasology?q=Tutorial) - they come in different shapes and sizes, some are up to date and accurate while others need fixes or even overhauls to be more worthwhile for training new contributors.\n\nGoal for this task is to go review one of the tutorials for value and accuracy, adding updates if needed, and giving feedback about the current quality of the tutorial.\n\n# Definition of \'Done\'\n\n* An issue and/or PR is submitted to one tutorial repo with feedback and/or changes to improve the tutorial.\n* Feedback should reference several existing bits of wiki text and explain how it could be improved (inaccurate? Poor wording? Confusing?)\n* Include some additional suggestions of what you think should be added to the tutorial\n\n# Where to start\n\n* Use [this search](https://github.com/Terasology?q=Tutorial) to pick a tutorial, consider coordinating with other students in case some might be looking at the same tutorial, or try one that seems more obscure / difficult\n* Try out the tutorial with code if you can (but if you can find enough issues just with the wiki text to provide substantial feedback that\'s OK too)\n\n# See also\n\n* Other tutorials than the one you\'re working on - the world generation and asset tutorials are among the best we have, what makes them good and how could that be applied to the other tutorials?',NULL,0,'Review tutorials for accuracy and training value',81920,'https://trello.com/c/TeuObDmy','5b9b100cca1728134ee88b15','5bb13feff9698564f44ccc4b'),('5ba12cc1566f1d45a889bc05',NULL,1,'2020-09-13 00:02:04.657760','2018-10-14 03:37:13.796000','2020-09-13 00:02:04.657761',NULL,'',NULL,0,'Create an automation bot to validate bad icon sizes on PR',1519620,'https://trello.com/c/414PbtgP','5b9b100cca1728134ee88b15','5b9b100cca1728134ee88b18'),('5ba12d5f52137937707f822b',NULL,1,'2020-09-13 00:02:04.667116','2018-10-14 03:36:34.412000','2020-09-13 00:02:04.667118',NULL,'',NULL,0,'Implement mailing list sign up on Terasology',1585150,'https://trello.com/c/iFKjLiRf','5b9b100cca1728134ee88b15','5b9b100cca1728134ee88b18'),('5ba12e0d6000632fb2d0457e',NULL,1,'2020-09-13 00:02:04.675578','2018-10-14 03:37:03.403000','2020-09-13 00:02:04.675579',NULL,'',NULL,0,'Create a dev website for Terasology',1650690,'https://trello.com/c/OmFZnq48','5b9b100cca1728134ee88b15','5b9b100cca1728134ee88b18'),('5ba12e460fa07c6580112897',NULL,1,'2020-09-13 00:02:04.684467','2018-10-14 03:36:56.394000','2020-09-13 00:02:04.684468',NULL,'',NULL,0,'Propose and write a useful page to add to Terasology website',1716220,'https://trello.com/c/pioOPRyP','5b9b100cca1728134ee88b15','5b9b100cca1728134ee88b18'),('5ba1300c4a64cf69594a2457',NULL,1,'2020-09-13 00:02:04.692392','2018-09-19 03:04:24.386000','2020-09-13 00:02:04.692393',NULL,'',NULL,0,'Update materialize and make sure there are no issues on the update',1781760,'https://trello.com/c/mSUJU8uc','5b9b100cca1728134ee88b15','5b9b100cca1728134ee88b18'),('5ba83fda2187887a5ee1a1fd',NULL,1,'2020-09-13 00:02:04.700980','2018-09-24 11:37:50.127000','2020-09-13 00:02:04.700981','{emoji={}}','See https://github.com/MovingBlocks/Terasology/pull/3475 for a related PR',NULL,0,'Write tutorial for working various profilers for the game and how to spot typical performance issues',1847300,'https://trello.com/c/xRLcInnq','5b9b100cca1728134ee88b15','5b9b100cca1728134ee88b18'),('5ba8505230e1aa839ec6f45f',NULL,1,'2020-09-13 00:02:04.708942','2018-09-28 01:01:06.733000','2020-09-13 00:02:04.708943','{emoji={}}','Terasology uses a file with the extension shape that describes a given block. Shape files for Terasology are implemented through a blender plugin. Since the data is saved to a text based json format; it\'s possible to make the block using a text editor but the plugin makes this process a lot easier. the goal of this task is to create a simple shape that can be used for a custom block. \n\n# Definition of \'Done\'\n\n* \n\n# Where to start\n \n* https://github.com/MovingBlocks/Terasology/wiki/Shape-Architecture\n* plugin: https://github.com/MovingBlocks/TeraMisc/tree/master/blender_addons\n\n# See also\n\n\n* example shape: https://github.com/MovingBlocks/Terasology/blob/develop/modules/Core/assets/shapes/door.shape\n* blender shapes: https://github.com/MovingBlocks/TeraMisc/tree/master/block_shapes\n\n# Tags\n\n* 3d\n* blender\n* mods',NULL,0,'Install Block Plugin And Create Block Mesh',1912830,'https://trello.com/c/ep5jW5d0','5b9b100cca1728134ee88b15','5b9b100cca1728134ee88b18'),('5ba850a0ab6be74649a5d084',NULL,1,'2020-09-13 00:02:04.802161','2018-10-08 04:43:33.395000','2020-09-13 00:02:04.802163','{emoji={}}','It\'s nice to have a shape, but  it would actually be useful if the shape was actually in the game. the goal of this task is the implement the shape that you designed and add it to the game as a block. \n\n\n# Definition of \'Done\'\n\n* \n\n# Where to start\n \n* https://github.com/MovingBlocks/Terasology/wiki/Shape-Architecture\n* plugin: https://github.com/MovingBlocks/TeraMisc/tree/master/blender_addons\n\n# See also\n\n# Tags\n\n* 3d\n* blender\n* mods',NULL,0,'Use Shape in a custom block',384000,'https://trello.com/c/KwK49se9','5b9b100cca1728134ee88b15','5b9b100cca1728134ee88b19'),('5ba87b27aa83a6726c08b599',NULL,1,'2020-09-13 00:02:04.794627','2018-10-21 04:46:00.336000','2020-09-13 00:02:04.794628','{emoji={}}','After you\'ve made your custom block it will need to have some textures. the blender plugin only exports the texture coordinates so the texture itself will have to be added to terasology add assigned to the associated block.\n\n\n\nhttps://www.youtube.com/watch?v=9Ha2rFR6qO0',NULL,0,'Texture Custom Block',288000,'https://trello.com/c/MOSoNStI','5b9b100cca1728134ee88b15','5b9b100cca1728134ee88b19'),('5babd1b7e5da384e7428ed83',NULL,1,'2020-09-13 00:02:05.457491','2019-10-16 22:38:58.765000','2020-09-13 00:02:05.457492','{emoji={}}','# Replay Test: Walking Long Distance\n\nWith the new Record and Replay (R&R) feature we can now record a game using the Core module and then use that recording to test the game.\n\nThis task is to use R&R as well as `TestReplayModule` to record a game using the Core module, in which the player walks a long distance, and the test checks they reach the correct position\n\n# Definition of \'Done\'\n\n* A Replay Test that executes a replay in which the player walks for at least a minute and then asserts the player\'s initial and final location.\n* A video showing the replay running on the headed test environment and the assert passing.\n\n# Where to start\n\n* Get `TestReplayModule` on your workspace. [Instructions on how to fetch a module](https://github.com/MovingBlocks/Terasology/wiki/Developing-Modules)\n* [Read about Replay Tests on the wiki](https://github.com/MovingBlocks/Terasology/wiki/Replay-Tests)\n* [Check the example test code](https://github.com/Terasology/TestReplayModule/blob/master/src/test/java/org/terasology/replayTests/examples/ExampleAcceptanceTest.java) to understand how to get the `LocalPlayer` from the game.\n* Get the necessary data for the test from the `LocalPlayer` or `CoreRegistry`\n\n# See also\n\n* [The Record and Replay Wiki](https://github.com/MovingBlocks/Terasology/wiki/How-to-Use-Record-and-Replay)\n',NULL,0,'Replay Test: Walking Long Distance',1978370,'https://trello.com/c/n3UDraWL','5b9b100cca1728134ee88b15','5da6ffb280d00419145f796a'),('5baffcc32d7a35664b173a11',NULL,0,'2020-09-13 00:02:04.955294','2018-10-23 16:09:52.962000','2020-09-13 00:02:04.955296','{emoji={}}','Students that as existing contributors are helping with initial setup of GCI, but should be removed from Trello + the Slack channel before the contest starts (and naturally not be invited to the GCI site itself at all)',NULL,0,'Students to evict from Trello/Slack',180224,'https://trello.com/c/Tahx8oKW','5b9b100cca1728134ee88b15','5b9b100cca1728134ee88b16'),('5bb0ed56551dc30f05a7b7cd',NULL,1,'2020-09-13 00:02:04.965136','2018-10-01 01:36:03.086000','2020-09-13 00:02:04.965137','{emoji={}}','https://github.com/MovingBlocks/Terasology/wiki/GCI#master-of-oreon\n\nWe should add links to some MOO tasks when GCI goes lives',NULL,0,'Focus area: Master of Oreon',245760,'https://trello.com/c/YcRMFh9O','5b9b100cca1728134ee88b15','5b9b100cca1728134ee88b16'),('5bb0f08ecc6b265873ef9bef',NULL,0,'2020-09-13 00:02:05.495034','2018-10-25 01:23:11.485000','2020-09-13 00:02:05.495034','{emoji={}}','# Title (card name)\n\nIntro text - describe the involved stuff (code, component, website, document, etc) briefly, what\'s missing, and what\'s desired\n\n# Definition of \'Done\'\n\n* Put bullet points here for the final state that\'ll satisfy the task\n* Include at least one \"deliverable\" - usually a screenshot for any task involving game assets (forces testing of the game - if it doesn\'t work yet then the task isn\'t done yet, ask for help!), a forum thread or wiki page for a document, a youtube link for a video, and so on\n\n# Where to start\n\n* More bullet points! Give the student instructions for the starting state to aim for (working workspace etc)\n* Give names of classes or other code resources to search for, if applicable\n* Link to related information to investigate\n\n# See also\n\n* Put a link here to a section on https://github.com/MovingBlocks/Terasology/wiki/GCI if there is one describing this specific category of task\n* Any other information that may be relevant, such as suggested tasks to consider before or after this task',NULL,0,'Cerv - 1 task every 2 days',32768,'https://trello.com/c/B0cOHDuR','5b9b100cca1728134ee88b15','5b9b100cca1728134ee88b1d'),('5bb10458012ac664b3993954',NULL,0,'2020-09-13 00:02:04.745942','2018-10-01 03:14:01.289000','2020-09-13 00:02:04.745943',NULL,'',NULL,0,'Master Of Oreon',2109440,'https://trello.com/c/XUrt89L2','5b9b100cca1728134ee88b15','5b9b100cca1728134ee88b18'),('5bb108d4ef526e4aaa7de0f0',NULL,1,'2020-09-13 00:02:04.731124','2018-10-16 16:08:17.904000','2020-09-13 00:02:04.731125','{emoji={}}','Potential tasks :\n\n  - Oreons attributes currently do not have any effect on the way they perform task(like the time they take to complete it)\n  - Implementing new crop blocks and including them into research to generate potions for Oreons : This would involve creating new blocks for crops & potions and also implement a system for the Oreons to be given this potion.\n  - Currently there are no STs for Gym, Hospital etc. though the logic for the Oreons to visit them when required has been implemented. It was discussed earlier that ST construction might be an advanced task but I hope we can include it.\n  - New tasks for the Oreons like a chef in the Diner, Doctor in Hospital etc. This would also require a cleaner way to select the area inside a building for the Oreon to perform a task in.\n  - Getting FlexibleMovement to work\n  - A new overlay for MOO specific notifications instead of the chat messages that are currently being used.\n[Post](https://forum.terasology.org/threads/master-of-oreon.1015/post-16075) to get students started and [wiki](http://github.com/Terasology/MasterOfOreon/wiki)',NULL,0,'Master Of Oreon',2109440,'https://trello.com/c/gAGVZLdf','5b9b100cca1728134ee88b15','5b9b100cca1728134ee88b18'),('5bb10bb43f2d4415371e5c25',NULL,0,'2020-09-13 00:02:05.502923','2018-10-27 01:07:24.458000','2020-09-13 00:02:05.502923','{emoji={}}','# Title (card name)\n\nIntro text - describe the involved stuff (code, component, website, document, etc) briefly, what\'s missing, and what\'s desired\n\n# Definition of \'Done\'\n\n* Put bullet points here for the final state that\'ll satisfy the task\n* Include at least one \"deliverable\" - usually a screenshot for any task involving game assets (forces testing of the game - if it doesn\'t work yet then the task isn\'t done yet, ask for help!), a forum thread or wiki page for a document, a youtube link for a video, and so on\n\n# Where to start\n\n* More bullet points! Give the student instructions for the starting state to aim for (working workspace etc)\n* Give names of classes or other code resources to search for, if applicable\n* Link to related information to investigate\n\n# See also\n\n* Put a link here to a section on https://github.com/MovingBlocks/Terasology/wiki/GCI if there is one describing this specific category of task\n* Any other information that may be relevant, such as suggested tasks to',NULL,0,'Naman - 1 task every 2 days',49152,'https://trello.com/c/dKCCUkzW','5b9b100cca1728134ee88b15','5b9b100cca1728134ee88b1d'),('5bb1162c641aec0e53f86656',NULL,1,'2020-09-13 00:02:05.155278','2018-10-24 03:31:24.444000','2020-09-13 00:02:05.155279','{emoji={}}','# New crop blocks for planting\n\nThe Master of Oreon module currently only has one type of crop, the Cookie Crops, which can be planted by the Oreons. These crops also have different stages of growth defined which are handled in-game by the Changing Blocks module.\nThis task requires you to create a new block for a \"unique\" crop type of your choice with atleast 5 different stages of growth.\n\n# Definition of \'Done\'\n\n* Use the block in-game and provide screenshots(or preferably a video) showcasing the different stages of growth of your crop.\n* The crop should have atleast 5 stages of growth.\n* Open a PR in the Master Of Oreon repository.\n\n# Where to start\n\n* [Forum thread](https://forum.terasology.org/threads/master-of-oreon.1015/post-16075)\n* See this [asset folder](https://github.com/Terasology/MasterOfOreon/tree/master/assets/blocks/OreonCrop) in the Master of Oreon repository for an example.\n* See this [blog post](https://naman-sopho.github.io/2018-06-19-GSoCWeek6/) for a brief description about the current state of crops in MOO.\n\n# See also\n\n* [Changing Blocks readme](https://github.com/Terasology/ChangingBlocks#changingblocks)\n* _Link to task for adding this crop to the MOO game flow_\n\n# Tags\n\n(These get entered separately on the GCI site, so they don\'t count toward the body character count limit)\n\n* Design\n* Master of Oreon',NULL,0,'MOO Crops (I) - New Crop blocks for planting',2273280,'https://trello.com/c/tXm5a2tl','5b9b100cca1728134ee88b15','5bb13fe396623c2292321640'),('5bb18cf53b34fb372906c8b9',NULL,1,'2020-09-13 00:02:04.756155','2018-10-01 12:56:53.480000','2020-09-13 00:02:04.756156',NULL,'',NULL,0,'add a tutorial book to an existing module: x, x, x, x',2174980,'https://trello.com/c/P191kAcR','5b9b100cca1728134ee88b15','5b9b100cca1728134ee88b18'),('5bb18d1a9a052c0f5643fb66',NULL,1,'2020-09-13 00:02:04.619529','2018-10-20 21:14:34.826000','2020-09-13 00:02:04.619530','{emoji={}}','K Computers is the newest module added Terasology over GSOC. the goal of this task is to implement a small lua script demonstrating the functionality of the moudule.\n\n# Definition of \'Done\'\n\n* Demonstrate the functionality of the code \n\n# Where to start\n\n* kcomputer module: https://github.com/Terasology/KComputers\n* run ```groovw recurse kcomputer``` to download the module to your workspace\n\n# Tags\n\n* Rails\n* Module\n\n',NULL,0,'write a sample lua script for KComputers',98303,'https://trello.com/c/Y169WEOO','5b9b100cca1728134ee88b15','5b9b100cca1728134ee88b18'),('5bb1ad37351a9c4e5ca0ae0c',NULL,0,'2020-09-13 00:02:04.784514','2018-10-15 16:06:15.436000','2020-09-13 00:02:04.784515','{emoji={}}','slerp is similar to lerp but this involves rotation instead of position. For a quaternion this would focus on the interpolation  of one quaternion to the rotation of another quaternion. some sample code is available on Wikipedia to look at for the implementation: https://en.wikipedia.org/wiki/Slerp\n\n',NULL,0,'Termath: implement slerp for vector',4096,'https://trello.com/c/gSvalk5O','5b9b100cca1728134ee88b15','5b9b100cca1728134ee88b1a'),('5bb1ad94a39b230f9236ee68',NULL,0,'2020-09-13 00:02:04.774603','2018-10-15 16:06:13.238000','2020-09-13 00:02:04.774604',NULL,'',NULL,0,'TeraMath: angle between two vectors',2048,'https://trello.com/c/aOD7bdM7','5b9b100cca1728134ee88b15','5b9b100cca1728134ee88b1a'),('5bb2de6cedc1097d3d77a5c7',NULL,1,'2020-09-13 00:02:04.765242','2018-10-02 12:59:23.286000','2020-09-13 00:02:04.765243','{emoji={}}','Example (and probably one we should enable ourselves sometime): https://probot.github.io/apps/first-timers/\n\nWe could likely make this into a task series with one bot doing one simple thing, which is how Probot is generally used. It could perhaps take over some of the GooeyHub stuff too, but some of these tasks take Jenkins access etc making them not suitable for GCI\n\nIt is possible we can find some simpler cases like stellargo\'s answer to https://github.com/MovingBlocks/Terasology/issues/3345 and turn those into GCI tasks, with each app being a \"type\" of Gooey with one of the graphics. So if somebody submits code with violations angry red gooey could show up and gently but also firmly instruct about that issue ;-)',NULL,0,'Probot stuffs',2437120,'https://trello.com/c/vnq4Hrlq','5b9b100cca1728134ee88b15','5b9b100cca1728134ee88b18'),('5bb396b91b70dc419eda850f',NULL,1,'2020-09-13 00:02:05.362270','2019-10-16 23:42:11.242000','2020-09-13 00:02:05.362270','{emoji={}}','# Improve wiki page for DS json details\n\nDestination Sol uses some JSON files to configure how the different solar systems work, what kinds of equipment ships start with, what loot drops, and so on. The current wiki documentation doesn\'t quite cover everything, so this task is meant to go over it and cover any missing details. \n\nFor instance in `systeConfig.json` there are lines like the following: `\"items\": \"core:fixedGun 0.5|core:lightArmor 0.75|core:smallShield+core:shield\"` - what is the meaning of the `|` and `+` ? Find out and document it somewhere! Same for anything else you can find that isn\'t currently covered in the wiki\n\n# Definition of \'Done\'\n\n* You\'ve identified and fixed several omissions in the DestSol wiki and edited them into existing or new pages (such as what the `+` means)\n* Supply a link to a page you\'ve changed and explain what\n\n# Where to start\n\n* Study the existing wiki, such as the [JSON Tutorial](https://github.com/MovingBlocks/DestinationSol/wiki/JSON-tutorial) and the [Creating a Ship](https://github.com/MovingBlocks/DestinationSol/wiki/Creating-a-Ship) page \n* Look at some of the JSON files like `systemConfig` - look for interesting stuff that doesn\'t seem obvious. Is it described anywhere in the wiki?\n* Edit the file and see if you can figure out what happens! Then document it\n\n# See also\n\n* [The developer setup for DestSol](https://github.com/MovingBlocks/DestinationSol/wiki/Full-Workspace-Setup) to get a working source workspace\n* TODO: Other similar DS tasks',NULL,0,'Improve wiki page for DS json details',409600,'https://trello.com/c/k3sAqtbe','5b9b100cca1728134ee88b15','5bb1400605e0cc6f01a9e124'),('5bb3b9488d0dad39b9c19a25',NULL,1,'2020-09-13 00:02:05.049682','2018-10-24 03:31:38.511000','2020-09-13 00:02:05.049682','{emoji={}}','# Add a new crop block to Master Of Oreon\n\nThis is a follow up task to <link for the \"New crop block task\"> which requires you to add the new block created to the Master of Oreon module such that a `plant` task can be created for this crop and it can be planted by the Oreons in the game.\n\n# Definition of \'Done\'\n\n* Implement a task for planting the new crop and also define the attributes of this new resource.\n* Open a PR in the MOO repository with the required changes.\n* Share a screenshot(or preferably a video) with a field of the newly added crops in the game.\n\n# Where to start\n\n* Go through the `PerformTaskNode` for the logic related to task completion.\n\n# See also\n\n* This[ wiki](https://github.com/Terasology/MasterOfOreon/wiki/Resources) for details on how to add the crop block as a resource.\n\n# Tags\n\n(These get entered separately on the GCI site, so they don\'t count toward the body character count limit)\n\n* Master Of Oreon',NULL,0,'MOO Crops (II) - Add the new crop block to the game',2437120,'https://trello.com/c/gRx0VRgb','5b9b100cca1728134ee88b15','5bb10eaaa163492c93420393'),('5bb55af78dc29689e6a5c2b1',NULL,1,'2020-09-13 00:02:05.099605','2018-10-23 03:59:27.501000','2020-09-13 00:02:05.099606','{emoji={}}','# Add option to trust all URLs to the same website\n\nParts of the GUI in Terasology can link to websites, and Terasology will open a browser to that address. However, not all links can be trusted so the user has to confirm if they want to navigate to it. The user can also opt to always trust the URL to avoid having to confirm each time they open it.\n\n[This is what the system looks like at the moment](https://user-images.githubusercontent.com/26657147/46326907-5fc12700-c5d5-11e8-96d0-87073b414f66.png).\n\nThis task is to add the option to trust all URLs to that website. For instance, in the screenshot there should be an option to trust all links to `https://github.com/`. This would involve adding a new checkbox to trust all links to this website, as well as adding the functionality.\n\n# Definition of \'Done\'\n- [Pull request with the changes submitted to engine repository](https://github.com/MovingBlocks/Terasology).\n- A screenshot showing the functionality working in-game. \n\n# Where to start\n- [The original issue](https://github.com/MovingBlocks/Terasology/issues/3414).\n- [The PR that added the first version](https://github.com/MovingBlocks/Terasology/pull/3496).\n- [Tutorial for how to make UI in Terasology](https://github.com/Terasology/TutorialNui/wiki).\n\n# See also\n\n* [The documentation for URLs in java](http://docs.oracle.com/javase/7/docs/api/java/net/URL.html).\n* Another UI task.',NULL,0,'Add option to trust all URLs to the same website',1880060,'https://trello.com/c/U5nHgp5N','5b9b100cca1728134ee88b15','5bb13fe396623c2292321640'),('5bb639c138e3de1a81ed61b4',NULL,0,'2020-09-13 00:02:05.720856','2018-11-10 02:55:08.313000','2020-09-13 00:02:05.720856',NULL,'# Title (card name)\n\nIntro text - describe the involved stuff (code, component, website, document, etc) briefly, what\'s missing, and what\'s desired\n\n# Definition of \'Done\'\n\n* Put bullet points here for the final state that\'ll satisfy the task\n* Include at least one \"deliverable\" - usually a screenshot for any task involving game assets (forces testing of the game - if it doesn\'t work yet then the task isn\'t done yet, ask for help!), a forum thread or wiki page for a document, a youtube link for a video, and so on\n\n# Where to start\n\n* More bullet points! Give the student instructions for the starting state to aim for (working workspace etc)\n* Give names of classes or other code resources to search for, if applicable\n* Link to related information to investigate\n\n# See also\n\n* Put a link here to a section on https://github.com/MovingBlocks/Terasology/wiki/GCI if there is one describing this specific category of task\n* Any other information that may be relevant, such as suggested tasks to consider before or after this task\n\n# Tags\n\n(These get entered separately on the GCI site, so they don\'t count toward the body character count limit)\n\n* Tag 1\n* Tag 2\n* Tag 3 ...',NULL,0,'Cerv - 1 task every 2 days',16384,'https://trello.com/c/OzA4n0z4','5b9b100cca1728134ee88b15','5bb0f06bf9698564f444f403'),('5bb65c2a46e42a7a92b32d15',NULL,1,'2020-09-13 00:02:05.118785','2018-10-22 15:35:37.245000','2020-09-13 00:02:05.118786','{emoji={}}','# New UI overlay for notifications in MOO\n\nCurrently notifications for various events in the village are shown to the player using the `ChatMessageEvent` which clutters the chat box. \nA new UI overlay which pops up in the top left corner for every notification would improve the game-play experience.\n\n# Definition of \'Done\'\n\n* Open a PR in the MOO repository\n* A screenshot of the UI screen in action.\n\n# Where to start\n\n* [NUI wiki](https://github.com/Terasology/TutorialNui/wiki)\n* For examples of current notifications see `PerformTaskNode` and `NeedsFoodNode`\n\n# See also\n\n* Look for different `.ui` files in the `/assets/ui` folder of a module for examples of screens.\n* Some other UI screen',NULL,0,'New overlay for notifications in MOO',2011140,'https://trello.com/c/rpv97jkB','5b9b100cca1728134ee88b15','5bb13fe396623c2292321640'),('5bb8dc12fc1881364e8336d7',NULL,0,'2020-09-13 00:02:05.712547','2018-11-10 02:54:54.289000','2020-09-13 00:02:05.712548',NULL,'# Title (card name)\n\nIntro text - describe the involved stuff (code, component, website, document, etc) briefly, what\'s missing, and what\'s desired\n\n# Definition of \'Done\'\n\n* Put bullet points here for the final state that\'ll satisfy the task\n* Include at least one \"deliverable\" - usually a screenshot for any task involving game assets (forces testing of the game - if it doesn\'t work yet then the task isn\'t done yet, ask for help!), a forum thread or wiki page for a document, a youtube link for a video, and so on\n\n# Where to start\n\n* More bullet points! Give the student instructions for the starting state to aim for (working workspace etc)\n* Give names of classes or other code resources to search for, if applicable\n* Link to related information to investigate\n\n# See also\n\n* Put a link here to a section on https://github.com/MovingBlocks/Terasology/wiki/GCI if there is one describing this specific category of task\n* Any other information that may be relevant, such as suggested tasks to consider before or after this task\n\n# Tags\n\n(These get entered separately on the GCI site, so they don\'t count toward the body character count limit)\n\n* Tag 1\n* Tag 2\n* Tag 3 ...',NULL,0,'Cerv - 1 task every 2 days',8192,'https://trello.com/c/mQlcbCvW','5b9b100cca1728134ee88b15','5bb0f06bf9698564f444f403'),('5bb92b495d738e13c7d9510b',NULL,1,'2020-09-13 00:02:05.420810','2019-10-16 22:32:12.906000','2020-09-13 00:02:05.420811','{emoji={}}','# Add a command to download all modules\n\nBoth Terasology and Destination Sol are broken up into many many modules. To help with getting these modules for development we use Groovy through the `groovyw` command.  \nThrough this you can download a single module, or a module and all it\'s dependencies.\n\nOne command we are missing is the ability to download *all* modules. This task is to add a command that downloads all modules. It should have syntax `groovyw <item> get *`\n\nThis should be made to both the Destination Sol and Terasology repositories.\n\n# Definition of \'Done\'\n\n* Pull Requests with the changes submitted to both [the Terasology Engine repository](https://github.com/MovingBlocks/Terasology) and [the main DestinationSol repository](https://github.com/MovingBlocks/DestinationSol)\n* Updated documentation to include these new commands.\n\n# Where to start\n\n* [Check the config/groovy directory in the Terasology repo](https://github.com/MovingBlocks/Terasology/tree/develop/config/groovy).\n* All the scripts can be found in this directory - util.groovy and common.groovy are the ones you would be working with.\n\n# See Also\n\n* The beginner setup task for Terasology\n* The beginner setup task for Dest Sol\n* One other groovy task (If we have any others)',NULL,0,'Add a command to download all modules',1716220,'https://trello.com/c/SNiV0YFU','5b9b100cca1728134ee88b15','5da6ffb280d00419145f796a'),('5bba2da7ae72ba365953e9f1',NULL,0,'2020-09-13 00:02:05.704543','2018-11-10 02:54:55.862000','2020-09-13 00:02:05.704544',NULL,'# Title (card name)\n\nIntro text - describe the involved stuff (code, component, website, document, etc) briefly, what\'s missing, and what\'s desired\n\n# Definition of \'Done\'\n\n* Put bullet points here for the final state that\'ll satisfy the task\n* Include at least one \"deliverable\" - usually a screenshot for any task involving game assets (forces testing of the game - if it doesn\'t work yet then the task isn\'t done yet, ask for help!), a forum thread or wiki page for a document, a youtube link for a video, and so on\n\n# Where to start\n\n* More bullet points! Give the student instructions for the starting state to aim for (working workspace etc)\n* Give names of classes or other code resources to search for, if applicable\n* Link to related information to investigate\n\n# See also\n\n* Put a link here to a section on https://github.com/MovingBlocks/Terasology/wiki/GCI if there is one describing this specific category of task\n* Any other information that may be relevant, such as suggested tasks to consider before or after this task\n\n# Tags\n\n(These get entered separately on the GCI site, so they don\'t count toward the body character count limit)\n\n* Tag 1\n* Tag 2\n* Tag 3 ...',NULL,0,'Cerv - 1 task every 2 days',4096,'https://trello.com/c/e1JmAwHj','5b9b100cca1728134ee88b15','5bb0f06bf9698564f444f403'),('5bba50cc3552b28c214be4a1',NULL,1,'2020-09-13 00:02:05.065988','2018-10-24 03:31:50.382000','2020-09-13 00:02:05.065989','{emoji={}}','\nAdvanced Task see other MOO related tasks first.\nOreons currently have `Strength` and `Intelligence` attributes assigned randomly to them when they are spawned and they also posses other attributes like `Hunger` which are incremented when they perform a task. These should affect when tasks are assigned to the Oreons, for instance a hungry Oreon should not be given a task if another Oreon is available or an Intelligent Oreon should be preferred for a Research task.\nYour task is to implement the logic for a system which takes into account the attributes of an oreon before assigning tasks to it.\n\n# Definition of \'Done\'\n\n* Open a PR in the Master of Oreon repository with the required changes.\n\n# Where to start\n\n* See the `TaskManagementSystem` and `LookForTaskNode` for the task search and assignment logic\n\n# Tags\n\n(These get entered separately on the GCI site, so they don\'t count toward the body character count limit)\n\n* Master Of Oreon\n* Tasks',NULL,0,'Oreon attributes affect task assignment',2568190,'https://trello.com/c/9r7hTXcQ','5b9b100cca1728134ee88b15','5bb10eaaa163492c93420393'),('5bbcd0b12235b94ecbd1fbae',NULL,0,'2020-09-13 00:02:05.695077','2018-11-10 02:54:52.184000','2020-09-13 00:02:05.695077',NULL,'# Title (card name)\n\nIntro text - describe the involved stuff (code, component, website, document, etc) briefly, what\'s missing, and what\'s desired\n\n# Definition of \'Done\'\n\n* Put bullet points here for the final state that\'ll satisfy the task\n* Include at least one \"deliverable\" - usually a screenshot for any task involving game assets (forces testing of the game - if it doesn\'t work yet then the task isn\'t done yet, ask for help!), a forum thread or wiki page for a document, a youtube link for a video, and so on\n\n# Where to start\n\n* More bullet points! Give the student instructions for the starting state to aim for (working workspace etc)\n* Give names of classes or other code resources to search for, if applicable\n* Link to related information to investigate\n\n# See also\n\n* Put a link here to a section on https://github.com/MovingBlocks/Terasology/wiki/GCI if there is one describing this specific category of task\n* Any other information that may be relevant, such as suggested tasks to consider before or after this task\n\n# Tags\n\n(These get entered separately on the GCI site, so they don\'t count toward the body character count limit)\n\n* Tag 1\n* Tag 2\n* Tag 3 ...',NULL,0,'Cerv - 1 task every 2 days',2048,'https://trello.com/c/6PzsXupl','5b9b100cca1728134ee88b15','5bb0f06bf9698564f444f403'),('5bbcf3b77afafc2cb004a597',NULL,1,'2020-09-13 00:02:05.110222','2018-10-22 15:35:37.227000','2020-09-13 00:02:05.110223','{emoji={}}','# New building templates and their upgraded versions\n\nMaster Of Oreon uses Structure Templates to \"define\" the buildings that can be constructed in a village. Structure Templates are basically prefab files which consist of the information required to build a structure in-game i.e. the type of block and where it should be placed with respect to center block. Buildings in MOO can be upgraded and these upgraded versions are separate STs which replace the existing building after upgrade.\nThis task requires you to make a ST for a building of your choice.Use the toolbox item to construct and save STs. Examples of buildings that can be constructed : \n  - Gym\n  - Hospital\n  - King\'s Lair\n  - Bedrooms\n  - Diner (upgarded version required)\n  - Storage (upgraded)\n\n# Definition of \'Done\'\n\n* At least two STs should be done, which can be two upgraded version(like Level 2 and Level 3) for an existing building or a new building.\n* Share a screenshot of the new STs constructed in-game.\n\n# Where to start\n\n* [The Structure Template module for steps to construct a ST and save it as prefab](https://github.com/Terasology/StructureTemplates#structure-templates)\n* [The forum post for STs](http://forum.terasology.org/threads/structure-templates.1550/)\n* Refer to the Diner prefab in the MasterOfOreon repository for how a saved ST looks like.\n\n# See also\n\n* <Link to StructureTemplate I task>',NULL,0,'MOO - New buildings and upgraded versions',1945600,'https://trello.com/c/KVdgRkF3','5b9b100cca1728134ee88b15','5bb13fe396623c2292321640'),('5bbf59b6e754d06b2fa4b6e8',NULL,1,'2020-09-13 00:02:05.394417','2019-10-16 22:33:40.776000','2020-09-13 00:02:05.394418','{emoji={}}','# Set up a workspace for GooeyJr\n\nGooey is a friendly IRC bot for #terasology on freenode. The bot is written in Coffeescript and is a Hubot. Gooey\'s current abilities include IRC logging, delayed messaging and so on - the list of these can be further extended using Gooey\'s CoffeeScript-based scripting system.\n\nThe goal of this task will be to set up a local workspace containing GooeyJr, successfully launching the bot and connecting it to #terasology on irc.esper.net, then enabling any new script, silly or useful!\n\n# Definition of \'Done\'\n\n* Enter #terasology on irc.esper.net with your GooeyJr with a mentor present and demonstrate the functionality of the script you have enabled.\n\n# Where to start\n\n* Check out the README at https://github.com/MovingBlocks/GooeyJr/ for instructions on setting the bot up. \n* Do comment on the setup instructions so we can improve them.\n\n# Tags\n\n* javascript\n* hubot\n* gooeyjr\n* coffeescript',NULL,0,'Set up a workspace for GooeyJr',1748990,'https://trello.com/c/Ajn4L4pZ','5b9b100cca1728134ee88b15','5da70003a4f3d68a8d822ff2'),('5bbf738ed3824a78cd48d714',NULL,0,'2020-09-13 00:02:05.684320','2018-11-10 02:54:50.346000','2020-09-13 00:02:05.684321',NULL,'# Title (card name)\n\nIntro text - describe the involved stuff (code, component, website, document, etc) briefly, what\'s missing, and what\'s desired\n\n# Definition of \'Done\'\n\n* Put bullet points here for the final state that\'ll satisfy the task\n* Include at least one \"deliverable\" - usually a screenshot for any task involving game assets (forces testing of the game - if it doesn\'t work yet then the task isn\'t done yet, ask for help!), a forum thread or wiki page for a document, a youtube link for a video, and so on\n\n# Where to start\n\n* More bullet points! Give the student instructions for the starting state to aim for (working workspace etc)\n* Give names of classes or other code resources to search for, if applicable\n* Link to related information to investigate\n\n# See also\n\n* Put a link here to a section on https://github.com/MovingBlocks/Terasology/wiki/GCI if there is one describing this specific category of task\n* Any other information that may be relevant, such as suggested tasks to consider before or after this task\n\n# Tags\n\n(These get entered separately on the GCI site, so they don\'t count toward the body character count limit)\n\n* Tag 1\n* Tag 2\n* Tag 3 ...',NULL,0,'Cerv - 1 task every 2 days',1024,'https://trello.com/c/klnj5MMU','5b9b100cca1728134ee88b15','5bb0f06bf9698564f444f403'),('5bbf96bf381320690a3d8494',NULL,1,'2020-09-13 00:02:05.057070','2018-10-24 03:31:44.298000','2020-09-13 00:02:05.057070','{emoji={}}','# Title (card name)\n\nFollow up task - <Link to MOO ST (I)>\nYour task is to add the newly implemented template to MOO so that it can be constructed in-game. This in turn involves two steps:\n - Add a button for new builiding to the task selection screen(not required for the upgraded version of a building).\n - Add the prefab to the module in the appropriate folder and rename it. The upgrade templates for a buildings should be named in a particular format so that they can be selected automatically\n- Make required changes in code to construct building.\n\nYou can also use either the Falling Block animation or the Layer by layer construction for added effects.\n\n# Definition of \'Done\'\n\n* Open a PR with the required changes.\n* A screenshot of the building when under construction.\n\n# Where to start\n\n* Refer to `ConstructingFromStructureTemplate` and `Diner` prefab\n* Master Of Oreon [wiki](https://github.com/Terasology/MasterOfOreon/wiki/Buildings)\n\n# See also\n\n* MOO ST I task\n\n# Tags\n\n(These get entered separately on the GCI site, so they don\'t count toward the body character count limit)\n\n* Master Of Oreon\n* Structure Templates\n* Buildings',NULL,0,'MOO ST (II) - Add the new ST to MOO',2502660,'https://trello.com/c/oVCWnfVJ','5b9b100cca1728134ee88b15','5bb10eaaa163492c93420393'),('5bc0ab213e85d38d2df29e8c',NULL,1,'2020-09-13 00:02:05.386279','2019-10-16 22:33:34.182000','2020-09-13 00:02:05.386279','{emoji={}}','# Enhance issues.coffee\n\nGooeyJr is our chat bot on IRC that provides some useful features. The bot is written in Coffeescript and is based on Hubot. One of these is the ability to provide a preview of, and link to, GitHub issues and pull requests. \n\nAt the moment this only works when they are given in the form `#<id>`. [Here is an example of this](https://i.imgur.com/gusejg2.png).  \nWe would like the bot to also respond like this to the user posting a URL as well. \n\nThe bot also only replies with information regarding the *first* issue mentioned, even when multiple issues are mentioned. We would like to bot to reply with information regarding all the PRs/issues mentioned.\n\n**Note: the main Terasology IRC is currently in moderated mode because of spam. Message a mentor to get voice so you can test easier**\n\n# Definition of \'Done\'\n* Demonstrate to a mentor that your new changes work. This can be in person or through a screenshot.\n* A pull request made to [GooeyJr\'s repo](http://github.com/MovingBlocks/GooeyJr) that adds these 2 features\n\n# Where to start\n\n* Complete the task on setting up your workspace for GooeyJr first\n* [The coffee.issues file](https://github.com/MovingBlocks/GooeyJr/blob/develop/scripts/issues.coffee)\n* You will need to research on Hubot\'s Coffeescript scripting system to implement the new features\n\n# See also\n\n* [The issue relevant to this task](https://github.com/MovingBlocks/GooeyJr/issues/44)',NULL,0,'GooeyJr: Enhance issues.coffee',1683460,'https://trello.com/c/a9evh0wc','5b9b100cca1728134ee88b15','5da70003a4f3d68a8d822ff2'),('5bc18d9c9bbb355f094a119d',NULL,0,'2020-09-13 00:02:05.328766','2018-10-13 17:53:58.811000','2020-09-13 00:02:05.328767',NULL,'',NULL,0,'GooeyJr: Allow issues.coffee to work with URLs',65535,'https://trello.com/c/zjk2E4Gj','5b9b100cca1728134ee88b15','5bb1400605e0cc6f01a9e124'),('5bc21690dbc62b37386af113',NULL,0,'2020-09-13 00:02:05.671254','2018-11-10 02:54:58.750000','2020-09-13 00:02:05.671255',NULL,'# Title (card name)\n\nIntro text - describe the involved stuff (code, component, website, document, etc) briefly, what\'s missing, and what\'s desired\n\n# Definition of \'Done\'\n\n* Put bullet points here for the final state that\'ll satisfy the task\n* Include at least one \"deliverable\" - usually a screenshot for any task involving game assets (forces testing of the game - if it doesn\'t work yet then the task isn\'t done yet, ask for help!), a forum thread or wiki page for a document, a youtube link for a video, and so on\n\n# Where to start\n\n* More bullet points! Give the student instructions for the starting state to aim for (working workspace etc)\n* Give names of classes or other code resources to search for, if applicable\n* Link to related information to investigate\n\n# See also\n\n* Put a link here to a section on https://github.com/MovingBlocks/Terasology/wiki/GCI if there is one describing this specific category of task\n* Any other information that may be relevant, such as suggested tasks to consider before or after this task\n\n# Tags\n\n(These get entered separately on the GCI site, so they don\'t count toward the body character count limit)\n\n* Tag 1\n* Tag 2\n* Tag 3 ...',NULL,0,'Cerv - 1 task every 2 days',512,'https://trello.com/c/GwIcpKig','5b9b100cca1728134ee88b15','5bb0f06bf9698564f444f403'),('5bc24e9060e3e5314ceb6d40',NULL,1,'2020-09-13 00:02:05.413099','2019-10-16 23:07:12.365000','2020-09-13 00:02:05.413099','{emoji={}}','Because of how modular and super-hackable Terasology is, we have had a lot of interesting gameplay modules pop up over the years. One of our newest gameplay modules is [GooKeeper](https://github.com/Terasology/GooKeeper), a SlimeRancher-esque gamemode where players have to capture gooeys and build a zoo to make a living.\n\nA key aspect of GooKeeper is the economy system: players get money (ingame, of course) from visitors visiting the zoo. A natural question to ask is \"What can the players do with money?\". Currently, the answer would be \"nothing\". That\'s where you come in. Your task, should you choose to accept it, is to design a new item/structure that players will be able to purchase in GooKeeper.\n\n# Definition of \'Done\'\n\n* An issue has been submitted to the GooKeeper [repository](https://github.com/Terasology/GooKeeper) describing your new item. Your writeup should include the name of the item, what it would do, and why players would want to buy it (how will it be useful for them).\n\n# Where to start\n\n* Join our IRC or Discord to chat about potential ideas.\n* Here\'s an example idea: vending machines where visitors can buy stuff (more money!)',NULL,0,'GooKeeper: Design New Purchasable',1880060,'https://trello.com/c/zRU8C3iP','5b9b100cca1728134ee88b15','5da70003a4f3d68a8d822ff2'),('5bc3682fc824ea3ebde1e335',NULL,0,'2020-09-13 00:02:05.662062','2018-11-10 02:55:02.275000','2020-09-13 00:02:05.662063',NULL,'# Title (card name)\n\nIntro text - describe the involved stuff (code, component, website, document, etc) briefly, what\'s missing, and what\'s desired\n\n# Definition of \'Done\'\n\n* Put bullet points here for the final state that\'ll satisfy the task\n* Include at least one \"deliverable\" - usually a screenshot for any task involving game assets (forces testing of the game - if it doesn\'t work yet then the task isn\'t done yet, ask for help!), a forum thread or wiki page for a document, a youtube link for a video, and so on\n\n# Where to start\n\n* More bullet points! Give the student instructions for the starting state to aim for (working workspace etc)\n* Give names of classes or other code resources to search for, if applicable\n* Link to related information to investigate\n\n# See also\n\n* Put a link here to a section on https://github.com/MovingBlocks/Terasology/wiki/GCI if there is one describing this specific category of task\n* Any other information that may be relevant, such as suggested tasks to consider before or after this task\n\n# Tags\n\n(These get entered separately on the GCI site, so they don\'t count toward the body character count limit)\n\n* Tag 1\n* Tag 2\n* Tag 3 ...',NULL,0,'Cerv - 1 task every 2 days',256,'https://trello.com/c/qaQZQ33z','5b9b100cca1728134ee88b15','5bb0f06bf9698564f444f403'),('5bc38b3923892105b8f606cf',NULL,1,'2020-09-13 00:02:05.728641','2018-10-23 19:08:00.487000','2020-09-13 00:02:05.728641','{emoji={}}','# Title (card name)\nIntro text - describe the involved stuff (code, component, website, document, etc) briefly, what\'s missing, and what\'s desired\n\n# Definition of \'Done\'\n\n* Put bullet points here for the final state that\'ll satisfy the task\n* Include at least one \"deliverable\" - usually a screenshot for any task involving game assets (forces testing of the game - if it doesn\'t work yet then the task isn\'t done yet, ask for help!), a forum thread or wiki page for a document, a youtube link for a video, and so on\n\n# Where to start\n\n* More bullet points! Give the student instructions for the starting state to aim for (working workspace etc)\n* Give names of classes or other code resources to search for, if applicable\n* Link to related information to investigate\n\n# See also\n\n* Put a link here to a section on https://github.com/MovingBlocks/Terasology/wiki/GCI if there is one describing this specific category of task\n* Any other information that may be relevant, such as suggested tasks to consider before or after this task\n\n# Tags\n\n(These get entered separately on the GCI site, so they don\'t count toward the body character count limit)\n\n* Tag 1\n* Tag 2\n* Tag 3 ...',NULL,0,'Happiness attribute for the Oreons',98304,'https://trello.com/c/IzoeTxaX','5b9b100cca1728134ee88b15','5bb0f06bf9698564f444f403'),('5bc4211f908f3058af6d3fe2',NULL,1,'2020-09-13 00:02:05.073931','2018-10-24 04:06:19.591000','2020-09-13 00:02:05.073932','{emoji={}}','Blocks shapes are stored in a json file that describes the basic mesh information of a block. The goal of this task is the produce one of these block shape files and add it to the tutorial module. \n\nSome example custom shapes include torches, doors, cactus, and slopes. combining a shape with a block family can allow for even more possibilities. such as the growth cycle of a in game crop or a gate with an open and closed state. combining shapes can introduce extra customization for block structure.\n\nThis task introduces the basics to adding a custom shape to Terasology.\n\n# Where to Start\n* install blender addon: [zip](https://github.com/MovingBlocks/BlenderAddon/releases/download/V1.0.0/shape_exporter_import.zip)\n* follow this guide for installing the [addon](https://github.com/Terasology/TutorialAssetSystem/wiki/Installing-Blender-Add-on) except that your importing shape_exporter_import.zip.\n*  Information about block [shapes](https://github.com/MovingBlocks/Terasology/wiki/Shape-Architecture)\n* preview shape with ```give stone 15 TutorialAssetSystem:<shape>```\n\n# Definition of \'Done\'\n\n* add the block shape to [Sample](https://github.com/Terasology/Sample)\n* create a PR to the Sample with a preview of the shape using one the existing blocks in the game. ```give stone 15 TutorialAssetSystem:<shape>```\n',NULL,0,'Create a Block With a Custom Shape',192000,'https://trello.com/c/xJlE6L4G','5b9b100cca1728134ee88b15','5bb13fe396623c2292321640'),('5bc43e35eaabb9743f196fb1',NULL,1,'2020-09-13 00:02:05.438725','2019-10-16 22:36:26.930000','2020-09-13 00:02:05.438726','{emoji={}}','# Replay Test: Railgun\n\nWith the new Record and Replay (R&R) feature we can now record a game using the Core module and then use that recording to test the game.\n\nOne of the items in Core is a railgun which can explode things from a distance. Use R&R as well as `TestReplayModule` to make a test to check that the railgun explodes things properly\n\n# Definition of \'Done\'\n\n* A Replay Test that executes a replay in which the player explodes something from a distance using the railgun and then asserts the destruction of some of the exploded blocks.\n* A video showing the replay running on the headed test environment and the assert passing.\n\n# Where to start\n\n* Get `TestReplayModule` on your workspace. [Instructions on how to fetch a module](https://github.com/MovingBlocks/Terasology/wiki/Developing-Modules)\n* [Read about Replay Tests on the wiki](https://github.com/MovingBlocks/Terasology/wiki/Replay-Tests)\n* [Check the example test code](https://github.com/Terasology/TestReplayModule/blob/master/src/test/java/org/terasology/replayTests/examples/ExampleAcceptanceTest.java) to understand how to get the `LocalPlayer` from the game.\n* Get the necessary data for the test from the `LocalPlayer` or `CoreRegistry`\n\n# See also\n\n* [The Record and Replay Wiki](https://github.com/MovingBlocks/Terasology/wiki/How-to-Use-Record-and-Replay)\n* [The task to write a replay test for character death](https://codein.withgoogle.com/dashboard/tasks/5670478598373376/)\n* [The task to write a replay test for walking long distances](https://codein.withgoogle.com/dashboard/tasks/4694374333022208/)',NULL,0,'Replay Test: Railgun',1847300,'https://trello.com/c/5aCAMhFD','5b9b100cca1728134ee88b15','5da6ffb280d00419145f796a'),('5bc43e5a66506515ee327af1',NULL,1,'2020-09-13 00:02:05.466680','2019-10-16 22:39:25.690000','2020-09-13 00:02:05.466681','{emoji={}}','# Replay Test: Explode Tool\n\nWith the new Record and Replay (R&R) feature we can now record a game using the Core module and then use that recording to test the game.\n\nOne of the items in Core is the *Explode Tool* which the player can use to explode things. Your task is to use R&R as well as `TestReplayModule ` to make a test that checks the tool explodes stuff properly\n\n# Definition of \'Done\'\n\n* A Replay Test that executes a replay in which the player explodes something using the explode tool and then asserts the destruction of some of the exploded blocks.\n* A video showing the replay running on the headed test environment and the assert passing.\n\n# Where to start\n\n* Get `TestReplayModule` on your workspace. [Instructions on how to fetch a module](https://github.com/MovingBlocks/Terasology/wiki/Developing-Modules)\n* [Read about Replay Tests on the wiki](https://github.com/MovingBlocks/Terasology/wiki/Replay-Tests)\n* [Check the example test code](https://github.com/Terasology/TestReplayModule/blob/master/src/test/java/org/terasology/replayTests/examples/ExampleAcceptanceTest.java) to understand how to get the `LocalPlayer` from the game.\n* Get the necessary data for the test from the `LocalPlayer` or `CoreRegistry`\n\n# See also\n\n* [The Record and Replay Wiki](https://github.com/MovingBlocks/Terasology/wiki/How-to-Use-Record-and-Replay)\n',NULL,0,'Replay Test: Explode Tool',2043900,'https://trello.com/c/ZkDkflGw','5b9b100cca1728134ee88b15','5da6ffb280d00419145f796a'),('5bc43ebe35a6d1418fec762d',NULL,1,'2020-09-13 00:02:05.248864','2018-10-23 00:43:55.661000','2020-09-13 00:02:05.248865','{emoji={}}','# Replay Test: Player Character Death\n\nWith the new Record and Replay (R&R) feature we can now record a game using the Core module and then use that recording to test the game.\n\nBeing able to die is an important part of Terasology, so this task is to make a test for it.  \nUsing R&R as well as `TestReplayModule ` make a test where the player falls from a great height and dies.\n\n# Definition of \'Done\'\n\n* A Replay Test that executes a replay in which the player character dies and then asserts the character death.\n* A video showing the replay running on the headed test environment and the assert passing.\n\n# Where to start\n\n* Get `TestReplayModule` on your workspace. [Instructions on how to fetch a module](https://github.com/MovingBlocks/Terasology/wiki/Developing-Modules)\n* [Read about Replay Tests on the wiki](https://github.com/MovingBlocks/Terasology/wiki/Replay-Tests)\n* [Check the example test code](https://github.com/Terasology/TestReplayModule/blob/master/src/test/java/org/terasology/replayTests/examples/ExampleAcceptanceTest.java) to understand how to get the `LocalPlayer` from the game.\n* Get the necessary data for the test from the `LocalPlayer` or `CoreRegistry`\n\n# See also\n\n* [The Record and Replay Wiki](https://github.com/MovingBlocks/Terasology/wiki/How-to-Use-Record-and-Replay)\n* [The task to write a test for walking long distances](https://codein.withgoogle.com/dashboard/tasks/4694374333022208/)\n* [The task to write a test for healing HP](https://codein.withgoogle.com/dashboard/tasks/6062344837791744/)',NULL,0,'Replay Test: Player Character Death',294912,'https://trello.com/c/DyIs0Ff3','5b9b100cca1728134ee88b15','5bb13ffda245836ef12b392c'),('5bc43ed68d6a3a85b52f0f3e',NULL,1,'2020-09-13 00:02:05.258517','2018-10-23 04:11:39.092000','2020-09-13 00:02:05.258521','{emoji={}}','# Replay Test: Recover HP\n\nWith the new Record and Replay (R&R) feature we can now record a game using the Core module and then use that recording to test the game.\n\nTerasology has a number of ways to heal yourself. It would not be very good if they didn\'t work. This task is to use R&R along with `TestReplayModule` to add in a test where the player takes some damage, and then heals it back.\n\n# Definition of \'Done\'\n\n* A Replay Test that executes a replay in which the player character at some point doesn\'t have full HP but then after some time does.\n* A video showing the replay running on the headed test environment and the assert passing.\n\n# Where to start\n\n* Get `TestReplayModule` on your workspace. [Instructions on how to fetch a module](https://github.com/MovingBlocks/Terasology/wiki/Developing-Modules)\n* [Read about Replay Tests on the wiki](https://github.com/MovingBlocks/Terasology/wiki/Replay-Tests)\n* [Check the example test code](https://github.com/Terasology/TestReplayModule/blob/master/src/test/java/org/terasology/replayTests/examples/ExampleAcceptanceTest.java) to understand how to get the `LocalPlayer` from the game.\n* Get the necessary data for the test from the `LocalPlayer` or `CoreRegistry`\n\n# See also\n\n* [The Record and Replay Wiki](https://github.com/MovingBlocks/Terasology/wiki/How-to-Use-Record-and-Replay)\n',NULL,0,'Replay Test: Recover HP',360448,'https://trello.com/c/hNKnDpHd','5b9b100cca1728134ee88b15','5bb13ffda245836ef12b392c'),('5bc4de18e1fafb84f5c9a24f',NULL,1,'2020-09-13 00:02:05.190703','2018-10-22 15:35:37.270000','2020-09-13 00:02:05.190703','{emoji={}}','# Write a tutorial for Genome implementations\nTerasology\'s [Genome](https://github.com/Terasology/Genome) module is a versatile general-purpose utility module which can be used to implement genetic features in other modules.\n\nFor example, an \"Animals\" module could use Genome to simulate how biological characteristics such as height and color change from generation to generation due to genetic factors. This involves making those characteristics depend on a gene in the animal\'s genome, and then using a breeding algorithm during mating which would determine how genes from two parents are mixed to form the genes of the offspring.\n\n# Definition of \'Done\'\n\n* A wiki article is created containing a tutorial on how someone could implement Genome in their module.\n\n# Where to start\n\n* Go through the Genome module to get a sense of how it is set up. The Javadocs should be useful.\n* Try to figure out how the setup could be used in another module.\n* Speak to mentors on IRC if you have questions on how Genome works.\n\n# See also\n\n* The [Genome module](https://github.com/Terasology/Genome)\n* The [WildAnimalsGenome module](https://github.com/Terasology/WildAnimalsGenome) which uses Genome to make a deer\'s speed dependent on its genes',NULL,0,'Write a tutorial for Genome implementations',147456,'https://trello.com/c/UxVwy4Y0','5b9b100cca1728134ee88b15','5bb13feff9698564f44ccc4b'),('5bc4f5a8d78ab3606ab1c894',NULL,1,'2020-09-13 00:02:05.006531','2018-10-22 15:35:12.462000','2020-09-13 00:02:05.006532','{emoji={}}','Advanced task! The earlier world gen tasks should still be available, and we suggest completing most/all of them first :)\n\nWhile Terasology at present does not support multiple worlds completely yet, we can pretty much cheat and just create a world layer deep under (or above) ground that looks vastly different, then provide a way for the player to travel there and back (the distance should be unfeasible to travel manually)\n\nThe goal of this task will be to implement a \"dimension\" like the Minecraft Nether, far below ground with stuff like magma seas, different basic world blocks, different flora, and maybe one or two other terrain features.\n\nKey to this will be defining an alternative surface deep below (or above) ground. Look at the existing classes related to surfaces and sea level. You do not want to have the player start in the alternative \"dimension\" so the underworld should not be any kind of default.\n\nThere should be some way for the player to travel to the other world. Could provide a block with an activation event (it can be e clicked).\n\nAn underworld should probably have a ceiling low enough to not start regenerating sunlight. Provide alternative light sources (lava or other lighted blocks)\n\n# Definition of Done\n\n* Submit a repository that contains the module for the Additional Dimension.\n* Add a README to the repository that you submit, describing what your alternate dimension is and what unique features it has.\n* Add a few screenshots from the alternate dimension to the README in the repository. Also add a screenshot of the travel block, if you have one.\n* Describe the mechanism to transport the player to the alternate dimension in the README.\n\n# Resources:\n\n* Inferno is a great example of an alternate dimension- https://github.com/Terasology/Inferno',NULL,0,'Advanced World Gen- Create an \"alternative dimension\" layer and a way to get the player there',2011140,'https://trello.com/c/iMit2oKd','5b9b100cca1728134ee88b15','5bb10eaaa163492c93420393'),('5bc4f9be944295152dd06d2e',NULL,1,'2020-09-13 00:02:05.430704','2019-10-16 22:32:56.348000','2020-09-13 00:02:05.430704','{emoji={}}','The [SimpleFarming](https://github.com/Terasology/SimpleFarming) module adds support for various kinds of plants and their growth. Currently, SimpleFarming supports plants which grow from a seed to a sapling to a plant, and vines which are multi-block plants which start from seeds and grow horizontally along the ground.\n\nThis task aims at adding support for trees which grow vertically (think of this as a \"vertical vine\"). At the end of this task, you should be able to plant a kind of seed which will slowly grow into a tall tree, full with a wooden trunk and leaves.\n\n**This task is harder than other tasks. We will do our best to assist but you should have completed other tasks first**\n\n# Definition of \'Done\'\n\n* A PR is submitted to the SimpleFarming module which implements tree growth. You must also add a seed (and other required blocks) that can be planted to get full trees.\n\n# Where to start\n\n* Check out how vines currently grow. You should, in principle, be able to apply the same concept (with modifications) to make a tree that grows vertically.\n\n# See also\n\n* The [SimpleFarming](https://github.com/Terasology/SimpleFarming) module',NULL,0,'SimpleFarming: Add support for growing trees',1781760,'https://trello.com/c/v3nTcIkf','5b9b100cca1728134ee88b15','5da6ffb280d00419145f796a'),('5bc50c15ec2eb06c0543b3ba',NULL,1,'2020-09-13 00:02:05.199342','2019-10-16 22:22:43.727000','2020-09-13 00:02:05.199343','{emoji={}}','#Write a tutorial for Structure Templates\nTerasology\'s [Structure Template](https://github.com/Terasology/StructureTemplates) module implements structure templates that can be used to spawn the same building over and over again, either using an item or programmatically.\n\nAll the documentation for using it currently resides in the repository [readme](https://github.com/Terasology/StructureTemplates/blob/master/README.md). There\'s a bunch of information in a few forum threads that are scattered around. \n\nThis task is centered around creating a formal tutorial like the [World Generation Tutorial](https://github.com/Terasology/TutorialWorldGeneration).\n\n# Definition of \'Done\'\n\nA repository with an example of structure templates that also demostrates their use in-game. Along the lines of [World Generation Tutorial](https://github.com/Terasology/TutorialWorldGeneration), the wiki should have a step by step tutorial that instructs the reader on how to-\n\n* Use the structure templates toolbox and other magic tools.\n* Use exisiting structure templates\n* Create new structure templates\n* Use the structure templates programatically as in [GooeysQuests](https://github.com/Terasology/GooeysQuests).\n\n# Where to start\n\n* A guide to creating modules can be found [here](https://github.com/Terasology/StructureTemplates/blob/master/README.md). [GooeysQuests](https://github.com/Terasology/GooeysQuests) is an example of a module that uses structure templates to spawn dungeons (the templates\' code is located at assets/prefabs/structures in the module\'s repo)\n* The forum threads for [GooeysQuests](https://github.com/Terasology/GooeysQuests) and [StructuralTemplates](http://forum.terasology.org/threads/structure-templates.1550/) help introduce the system further',NULL,0,'Write a tutorial for Structure Templates',212992,'https://trello.com/c/cpjStE1D','5b9b100cca1728134ee88b15','5bb13feff9698564f44ccc4b'),('5bc60b14e490cf40a1a784f4',NULL,0,'2020-09-13 00:02:05.643575','2018-10-23 17:20:21.377000','2020-09-13 00:02:05.643575',NULL,'# Title (card name)\n\nIntro text - describe the involved stuff (code, component, website, document, etc) briefly, what\'s missing, and what\'s desired\n\n# Definition of \'Done\'\n\n* Put bullet points here for the final state that\'ll satisfy the task\n* Include at least one \"deliverable\" - usually a screenshot for any task involving game assets (forces testing of the game - if it doesn\'t work yet then the task isn\'t done yet, ask for help!), a forum thread or wiki page for a document, a youtube link for a video, and so on\n\n# Where to start\n\n* More bullet points! Give the student instructions for the starting state to aim for (working workspace etc)\n* Give names of classes or other code resources to search for, if applicable\n* Link to related information to investigate\n\n# See also\n\n* Put a link here to a section on https://github.com/MovingBlocks/Terasology/wiki/GCI if there is one describing this specific category of task\n* Any other information that may be relevant, such as suggested tasks to consider before or after this task\n\n# Tags\n\n(These get entered separately on the GCI site, so they don\'t count toward the body character count limit)\n\n* Tag 1\n* Tag 2\n* Tag 3 ...',NULL,0,'Cerv - 1 task every 2 days',128,'https://trello.com/c/QqgL2mzC','5b9b100cca1728134ee88b15','5bb0f06bf9698564f444f403'),('5bc62e5e7d589082d8505d5a',NULL,1,'2020-09-13 00:02:05.737479','2018-10-18 03:32:20.157000','2020-09-13 00:02:05.737480',NULL,'# Title (card name)\n\nIntro text - describe the involved stuff (code, component, website, document, etc) briefly, what\'s missing, and what\'s desired\n\n# Definition of \'Done\'\n\n* Put bullet points here for the final state that\'ll satisfy the task\n* Include at least one \"deliverable\" - usually a screenshot for any task involving game assets (forces testing of the game - if it doesn\'t work yet then the task isn\'t done yet, ask for help!), a forum thread or wiki page for a document, a youtube link for a video, and so on\n\n# Where to start\n\n* More bullet points! Give the student instructions for the starting state to aim for (working workspace etc)\n* Give names of classes or other code resources to search for, if applicable\n* Link to related information to investigate\n\n# See also\n\n* Put a link here to a section on https://github.com/MovingBlocks/Terasology/wiki/GCI if there is one describing this specific category of task\n* Any other information that may be relevant, such as suggested tasks to consider before or after this task\n\n# Tags\n\n(These get entered separately on the GCI site, so they don\'t count toward the body character count limit)\n\n* Tag 1\n* Tag 2\n* Tag 3 ...',NULL,0,'MOO new block (I) - New block for spawning',114688,'https://trello.com/c/qdlDTnSk','5b9b100cca1728134ee88b15','5bb0f06bf9698564f444f403'),('5bc8aec2248a8889bd2cdfdf',NULL,0,'2020-09-13 00:02:05.620769','2018-10-23 16:37:05.193000','2020-09-13 00:02:05.620770',NULL,'# Title (card name)\n\nIntro text - describe the involved stuff (code, component, website, document, etc) briefly, what\'s missing, and what\'s desired\n\n# Definition of \'Done\'\n\n* Put bullet points here for the final state that\'ll satisfy the task\n* Include at least one \"deliverable\" - usually a screenshot for any task involving game assets (forces testing of the game - if it doesn\'t work yet then the task isn\'t done yet, ask for help!), a forum thread or wiki page for a document, a youtube link for a video, and so on\n\n# Where to start\n\n* More bullet points! Give the student instructions for the starting state to aim for (working workspace etc)\n* Give names of classes or other code resources to search for, if applicable\n* Link to related information to investigate\n\n# See also\n\n* Put a link here to a section on https://github.com/MovingBlocks/Terasology/wiki/GCI if there is one describing this specific category of task\n* Any other information that may be relevant, such as suggested tasks to consider before or after this task\n\n# Tags\n\n(These get entered separately on the GCI site, so they don\'t count toward the body character count limit)\n\n* Tag 1\n* Tag 2\n* Tag 3 ...',NULL,0,'Cerv - 1 task every 2 days',64,'https://trello.com/c/PBNvcjVN','5b9b100cca1728134ee88b15','5bb0f06bf9698564f444f403'),('5bc8d1632b102c686acb6d2d',NULL,1,'2020-09-13 00:02:05.750174','2018-10-22 13:29:11.072000','2020-09-13 00:02:05.750175',NULL,'# Title (card name)\n\nIntro text - describe the involved stuff (code, component, website, document, etc) briefly, what\'s missing, and what\'s desired\n\n# Definition of \'Done\'\n\n* Put bullet points here for the final state that\'ll satisfy the task\n* Include at least one \"deliverable\" - usually a screenshot for any task involving game assets (forces testing of the game - if it doesn\'t work yet then the task isn\'t done yet, ask for help!), a forum thread or wiki page for a document, a youtube link for a video, and so on\n\n# Where to start\n\n* More bullet points! Give the student instructions for the starting state to aim for (working workspace etc)\n* Give names of classes or other code resources to search for, if applicable\n* Link to related information to investigate\n\n# See also\n\n* Put a link here to a section on https://github.com/MovingBlocks/Terasology/wiki/GCI if there is one describing this specific category of task\n* Any other information that may be relevant, such as suggested tasks to consider before or after this task\n\n# Tags\n\n(These get entered separately on the GCI site, so they don\'t count toward the body character count limit)\n\n* Tag 1\n* Tag 2\n* Tag 3 ...',NULL,0,'New task for the king',131072,'https://trello.com/c/ZXFcfQfj','5b9b100cca1728134ee88b15','5bb0f06bf9698564f444f403'),('5bc932761def9634b8405161',NULL,1,'2020-09-13 00:02:05.224406','2018-10-23 04:19:46.770000','2020-09-13 00:02:05.224407','{emoji={}}','# Replay Test: Removing Dirt\n\nWith the new Record and Replay (R&R) feature we can now record a game using the Core module and then use that recording to test the game.\n\nThis task is to use R&R as well as `TestReplayModule` to record a game using the Core module, in which the player breaks two **Dirt** blocks, the first one with his hand and the second one with a shovel, then the test checks if the initial block type has changed after the replay.\n\n# Definition of \'Done\'\n\n* A Replay Test that executes a replay in which the player breaks two **Dirt** blocks (with hand and a shovel) then asserts the block\'s initial and final type.\n* A video showing the replay running on the headed test environment and the assert passing.\n\n# Where to start\n\n* Get `TestReplayModule` on your workspace. [Instructions on how to fetch a module](https://github.com/MovingBlocks/Terasology/wiki/Developing-Modules).\n* [Read about Replay Tests on the wiki](https://github.com/MovingBlocks/Terasology/wiki/Replay-Tests).\n* [Check the example test code](https://github.com/Terasology/TestReplayModule/blob/master/src/test/java/org/terasology/replayTests/CuttingGrassBlockPositionReplayTest.java) to understand how to get the block type from the game.\n\n# See also\n\n* [The Record and Replay Wiki](https://github.com/MovingBlocks/Terasology/wiki/How-to-Use-Record-and-Replay).\n* [Another example test code](https://github.com/Terasology/TestReplayModule/blob/master/src/test/java/org/terasology/replayTests/WoodCutReplayTest.java).',NULL,0,'Replay Test: Removing Dirt',12288,'https://trello.com/c/NN8m9ezy','5b9b100cca1728134ee88b15','5bb13ffda245836ef12b392c'),('5bcb5143f7753d2cfdd71309',NULL,0,'2020-09-13 00:02:05.601661','2018-10-23 16:37:00.907000','2020-09-13 00:02:05.601662',NULL,'# Title (card name)\n\nIntro text - describe the involved stuff (code, component, website, document, etc) briefly, what\'s missing, and what\'s desired\n\n# Definition of \'Done\'\n\n* Put bullet points here for the final state that\'ll satisfy the task\n* Include at least one \"deliverable\" - usually a screenshot for any task involving game assets (forces testing of the game - if it doesn\'t work yet then the task isn\'t done yet, ask for help!), a forum thread or wiki page for a document, a youtube link for a video, and so on\n\n# Where to start\n\n* More bullet points! Give the student instructions for the starting state to aim for (working workspace etc)\n* Give names of classes or other code resources to search for, if applicable\n* Link to related information to investigate\n\n# See also\n\n* Put a link here to a section on https://github.com/MovingBlocks/Terasology/wiki/GCI if there is one describing this specific category of task\n* Any other information that may be relevant, such as suggested tasks to consider before or after this task\n\n# Tags\n\n(These get entered separately on the GCI site, so they don\'t count toward the body character count limit)\n\n* Tag 1\n* Tag 2\n* Tag 3 ...',NULL,0,'Cerv - 1 task every 2 days',32,'https://trello.com/c/bdsQzEFQ','5b9b100cca1728134ee88b15','5bb0f06bf9698564f444f403'),('5bcc7635e7f9f203492b7393',NULL,1,'2020-09-13 00:02:05.268539','2018-10-23 00:43:55.688000','2020-09-13 00:02:05.268539','{emoji={}}','# Fix a group of LGTM errors\nLGTM is a site which can analyse our code to find errors and a bit we can improve. We recently [added it to our project](https://lgtm.com/projects/g/MovingBlocks/Terasology) and we got a bunch of errors. Your task is to go through and fix a group of errors. Please only fix one type of error so that other students can also do this task.\n\n[Prepare your workspace](https://github.com/MovingBlocks/Terasology/wiki/Preparing-an-Engine-Workspace) or even [run the game from source](https://codein.withgoogle.com/dashboard/tasks/4787385392955392/) before starting!\n\n# Definition of Done\n\n* A PR made to the [main engine repo](https://github.com/MovingBlocks/Terasology/) that fixes a group of LGTM errors.\n  * Also make sure this doesn\'t introduce any new errors!\n\n# Where to Start\n\n* [Check out the issue for this task for details on how to fix some error groups](\nhttps://github.com/MovingBlocks/Terasology/issues/3510)\n* Have a look [at the errors on the LGTM site](https://lgtm.com/projects/g/MovingBlocks/Terasology/alerts/?mode=tree&severity=error)\n\n# See Also\n* [Report a new bug](https://codein.withgoogle.com/dashboard/tasks/5605165970227200/)\n* [How to get started with Terasology](https://codein.withgoogle.com/dashboard/tasks/6648523383635968/)',NULL,0,'Fix a group of LGTM errors',425984,'https://trello.com/c/VXkjF8OT','5b9b100cca1728134ee88b15','5bb13ffda245836ef12b392c'),('5bcc783cd27955518b6580f2',NULL,1,'2020-09-13 00:02:05.403020','2019-10-16 23:03:20.104000','2020-09-13 00:02:05.403021','{emoji={}}','#Fix a group of LGTM Warnings\nLGTM is a site which can analyse our code to find errors and parts of the code we can improve. We recently [added it to our project](https://lgtm.com/projects/g/MovingBlocks/Terasology) and we got a bunch of warnings. Your task is to go through and fix a group of warnings. Please only fix one type of warning so that other students can also do this task.\n\n[Prepare your workspace](https://github.com/MovingBlocks/Terasology/wiki/Preparing-an-Engine-Workspace) or even [run the game from source](https://codein.withgoogle.com/dashboard/tasks/4787385392955392/) before starting!\n\n\n# Definition of Done\n\n* A PR made to the [main engine repo](https://github.com/MovingBlocks/Terasology/) that fixes a group of LGTM warnings.\n  * Also make sure this doesn\'t introduce any new warnings or errors!\n\n# Where to Start\n\n* [Check out the issue for this task for details on how to fix some error groups](\nhttps://github.com/MovingBlocks/Terasology/issues/3510)\n* Have a look [at the warnings on the LGTM site](https://lgtm.com/projects/g/MovingBlocks/Terasology/alerts/?mode=tree&severity=warning)\n\n# See Also\n* Other fix reported issues tasks',NULL,0,'Fix a group of LGTM warnings',1814530,'https://trello.com/c/WY0YcgdO','5b9b100cca1728134ee88b15','5da70003a4f3d68a8d822ff2'),('5bcc842735cffb2064e76c87',NULL,1,'2020-09-13 00:02:04.980953','2018-10-24 01:37:42.032000','2020-09-13 00:02:04.980954','{emoji={}}','#Recap your GCI experience with Terasology\n\n_Please submit this task as late as possible, as we are interested in your experience with previous tasks! Ideally this should be the last Google Code-In task you submit, unless you want to pick a big one right before the task claiming period ends (to work on the last three days)_\n\nAs this year\'s Google Code-In is coming to an end, the Terasology project would like to hear any feedback you have on the competition. What were your most - and least - favourite parts of the project? What was your experience with different parts of the codebase? How would you improve the experience for next year\'s students?\n\nPlease note that this can\'t be your first task - complete at least one other task (running the game from source, adding any new content or submitting code...) before starting work on this one!\n\n## Definition of \'Done\'\nA response to the [Google Code-In 2018 Recap Thread]() is created, with the survey template from the starting post filled out. (Copy-paste it to your reply, then answer the 13 questions.)',NULL,0,'Recap your GCI experience with Terasology',540672,'https://trello.com/c/qDHU8Bpj','5b9b100cca1728134ee88b15','5b9b100cca1728134ee88b16'),('5bcc851c7969e47a63a0871e',NULL,1,'2020-09-13 00:02:05.207966','2018-10-22 15:35:37.280000','2020-09-13 00:02:05.207967','{emoji={}}','# Fix up module readme\n\nThe readme provides an introduction to a module. Some of the module readme\'s haven\'t been updated in a while. A good readme should provide a strong introduction to someone working or using the module.\n\nA readme is the first thing people see when looking at the module on Github. As such it should provide a quick overview of what the module is. It should list some of the features of the module and point to where more information can be found (If there is any). It\'s a file named readme.md in the top folder of the repository (next to the module.txt file)\n\nStart off by having a look at the readme\'s in [the Terasology repos](http://github.com/Terasology) as well a [the Destination Sol modules](https://github.com/DestinationSol)\n\n# Definition of Done\n* A pull request to the an existing module with a readme that could work with a tweak or an update. This should be at least a few sentences or better yet several sections, but naturally some modules have more to talk about than others\n  * Try and include at least one image in the readme.\n\n# Where to start\n* If possibly try to play the game with the content from the specific module to understand it better\n* [Look at some example readme in Terasology Repos](http://github.com/Terasology)\n  * [The potions module provides devs with info and lists the potions](https://github.com/Terasology/Potions)\n  * [The cooking module gives information on contributing](https://github.com/Terasology/Cooking)',NULL,0,'Fix up module readme',245760,'https://trello.com/c/qikxK2Po','5b9b100cca1728134ee88b15','5bb13feff9698564f44ccc4b'),('5bcc86bce4356258082ae1e1',NULL,1,'2020-09-13 00:02:05.287172','2018-10-22 15:35:16.289000','2020-09-13 00:02:05.287173','{emoji={}}','# Report a new bug/crash\nAs much as we try Terasology does have some bugs in it, all software does. If you find a bug in Terasology or a module then this is the task for you! Post it onto the relevant issue tracker or update an existing issue.\n\nUse the search to see if it\'s already been reported. If it has then add some extra detail or open a new issue if it hasn\'t been found yet.\n\n**Note:** _Your bug/crash must be a new one, or add something substantial to an existing one. Please use the search option to try and find an existing issue and/or ask a mentor before submitting this task_\n\n# Definition of Done\n* A new comment onto an Issue on a module that provides some useful information about the bug.\n* A new Issue detailing the bug or crash that happened and providing useful info. Screenshots and logs are good things to include.\n\n# Where to Start\n\n* [The github Issue Tracker for the engine](https://github.com/MovingBlocks/Terasology/issues)\n* Try doing some other tasks to see if you come across any bugs whilst completing them.\n\n# See also\n* Other QA tasks',NULL,0,'Report a new bug/crash',1581060,'https://trello.com/c/njrPPIkp','5b9b100cca1728134ee88b15','5bb13ffda245836ef12b392c'),('5bcca29d058f7847ba7306e4',NULL,0,'2020-09-13 00:02:05.576160','2018-10-23 16:36:59.030000','2020-09-13 00:02:05.576161',NULL,'# Title (card name)\n\nIntro text - describe the involved stuff (code, component, website, document, etc) briefly, what\'s missing, and what\'s desired\n\n# Definition of \'Done\'\n\n* Put bullet points here for the final state that\'ll satisfy the task\n* Include at least one \"deliverable\" - usually a screenshot for any task involving game assets (forces testing of the game - if it doesn\'t work yet then the task isn\'t done yet, ask for help!), a forum thread or wiki page for a document, a youtube link for a video, and so on\n\n# Where to start\n\n* More bullet points! Give the student instructions for the starting state to aim for (working workspace etc)\n* Give names of classes or other code resources to search for, if applicable\n* Link to related information to investigate\n\n# See also\n\n* Put a link here to a section on https://github.com/MovingBlocks/Terasology/wiki/GCI if there is one describing this specific category of task\n* Any other information that may be relevant, such as suggested tasks to consider before or after this task',NULL,0,'Cerv - 1 task every 2 days',16,'https://trello.com/c/oc4Gmq9X','5b9b100cca1728134ee88b15','5bb0f06bf9698564f444f403'),('5bccc5d2fb8a94365465304f',NULL,1,'2020-09-13 00:02:05.759916','2018-10-23 19:07:39.769000','2020-09-13 00:02:05.759917',NULL,'# Title (card name)\n\nIntro text - describe the involved stuff (code, component, website, document, etc) briefly, what\'s missing, and what\'s desired\n\n# Definition of \'Done\'\n\n* Put bullet points here for the final state that\'ll satisfy the task\n* Include at least one \"deliverable\" - usually a screenshot for any task involving game assets (forces testing of the game - if it doesn\'t work yet then the task isn\'t done yet, ask for help!), a forum thread or wiki page for a document, a youtube link for a video, and so on\n\n# Where to start\n\n* More bullet points! Give the student instructions for the starting state to aim for (working workspace etc)\n* Give names of classes or other code resources to search for, if applicable\n* Link to related information to investigate\n\n# See also\n\n* Put a link here to a section on https://github.com/MovingBlocks/Terasology/wiki/GCI if there is one describing this specific category of task\n* Any other information that may be relevant, such as suggested tasks to',NULL,0,'MOO new block for spawning (II)',147456,'https://trello.com/c/2XyaKGEx','5b9b100cca1728134ee88b15','5bb0f06bf9698564f444f403'),('5bcd05483d7b812d345a6361',NULL,1,'2020-09-13 00:02:05.138407','2018-10-23 16:31:41.572000','2020-09-13 00:02:05.138408','{emoji={}}','# Server Facade: Frontend Interface for Chat\n\nThe [Server Facade](https://github.com/MovingBlocks/FacadeServer) is a way to run a headless game server with more features. These features can be interfaced by using the [Server Facade Frontend](https://github.com/MovingBlocks/FacadeServer-frontend). (TBA)\n\nAs a side note, the username may not display correctly in testing, but that is another issue.\n\n# Definition of \'Done\'\n\n* Show that a chat message sent on the frontend shows up in-game\n* Show that a chat message sent in-game shows up on the frontend with the sender\'s username displayed\n* Open a PR in the [Server Facade Frontend Repo](https://github.com/MovingBlocks/FacadeServer-frontend) with the changes.\n\n# Where to start\n\n* [Study how the console tab is implemented](https://github.com/MovingBlocks/FacadeServer-frontend/tree/master/src/tabs/console) (ignore ConsoleAutocomplete)\n* [Look at how tabs are added](https://github.com/MovingBlocks/FacadeServer-frontend/blob/65a6eb812174966b1b6b6236952f11b303eeeb58/src/App.tsx#L46-L65)\n* [Look at the REST API documentation](http://petstore.swagger.io/?url=https://raw.githubusercontent.com/MovingBlocks/FacadeServer/develop/src/main/resources/web/swagger.json#/)\n\n# See also\n\n* [The issue for this task](https://github.com/MovingBlocks/FacadeServer-frontend/issues/13)',NULL,0,'Server Facade: Frontend Interface for Chat',2142210,'https://trello.com/c/OByISWSY','5b9b100cca1728134ee88b15','5bb13fe396623c2292321640'),('5bcd2d921a5405265d8705b0',NULL,1,'2020-09-13 00:02:05.447734','2019-10-16 22:38:28.873000','2020-09-13 00:02:05.447734','{emoji={}}','# Replay Test: Breaking Stones\n\nWith the new Record and Replay (R&R) feature we can now record a game using the Core module and then use that recording to test the game.\n\nThis task is to use R&R as well as `TestReplayModule` to record a game using the Core module, in which the player breaks two **Stone** blocks, the first one with his hand and the second one with a pickaxe, then the test checks if the initial blocks\' type has changed after the replay.\n\n# Definition of \'Done\'\n\n* A Replay Test that executes a replay in which the player breaks two **Stone** blocks (with hand and a pickaxe) then asserts the block\'s initial and final type.\n* A video showing the replay running on the headed test environment and the assert passing.\n\n# Where to start\n\n* Get `TestReplayModule` on your workspace. [Instructions on how to fetch a module](https://github.com/MovingBlocks/Terasology/wiki/Developing-Modules).\n* [Read about Replay Tests on the wiki](https://github.com/MovingBlocks/Terasology/wiki/Replay-Tests).\n* [Check the example test code](https://github.com/Terasology/TestReplayModule/blob/master/src/test/java/org/terasology/replayTests/CuttingGrassBlockPositionReplayTest.java) to understand how to get the block type from the game.\n\n# See also\n\n* [The Record and Replay Wiki](https://github.com/MovingBlocks/Terasology/wiki/How-to-Use-Record-and-Replay).\n* [Another example test code](https://github.com/Terasology/TestReplayModule/blob/master/src/test/java/org/terasology/replayTests/WoodCutReplayTest.java).',NULL,0,'Replay Test: Breaking stones',1912830,'https://trello.com/c/7KFP7ftT','5b9b100cca1728134ee88b15','5da6ffb280d00419145f796a'),('5bcd69a30b52191d1071f3ec',NULL,1,'2020-09-13 00:02:05.146482','2018-10-23 16:32:00.775000','2020-09-13 00:02:05.146483','{emoji={}}','# Make a silly new UI screen\n\nUI is a vitally important element of \n\nAll the UI in Terasology is done using [our own system called NUI](). \n\n# Definition of \'Done\'\n\n* Put bullet points here for the final state that\'ll satisfy the task\n* Include at least one \"deliverable\" - usually a screenshot for any task involving game assets (forces testing of the game - if it doesn\'t work yet then the task isn\'t done yet, ask for help!), a forum thread or wiki page for a document, a youtube link for a video, and so on\n\n# Where to start\n\n* More bullet points! Give the student instructions for the starting state to aim for (working workspace etc)\n* Give names of classes or other code resources to search for, if applicable\n* Link to related information to investigate\n\n# See also\n\n* Put a link here to a section on https://github.com/MovingBlocks/Terasology/wiki/GCI if there is one describing this specific category of task\n* Any other information that may be relevant, such as suggested tasks to consider before or after this task',NULL,0,'Develop a simple interface screen',2207740,'https://trello.com/c/IjObWPak','5b9b100cca1728134ee88b15','5bb13fe396623c2292321640'),('5bcdd944e1746b884c6f2db5',NULL,1,'2020-09-13 00:02:04.972816','2018-10-23 03:07:11.328000','2020-09-13 00:02:04.972817','{emoji={}}','testing\n4t\n\nafcd\nwqd\nqw\n',NULL,0,'testing card. Please ignore',311296,'https://trello.com/c/0g3Gzl5Q','5b9b100cca1728134ee88b15','5b9b100cca1728134ee88b16'),('5bcebb43eb62a259aaafcff7',NULL,1,'2020-09-13 00:02:05.378452','2018-10-23 17:20:14.406000','2020-09-13 00:02:05.378453','{emoji={}}','One of the biggest features of Terasology is the multiplayer aspect of the game. As part of this task, we would like the students to set up a multiplayer server, _add in the advanced server facade_, and play around with it, then report back any issues encountered or suggestions (specific to the server facade, of course)\n\nFor instance try to get the map working in a browser, or try to kick yourself from the web :-)\n\n# Definition of \'Done\'\n\n* Provide a screenshot of your hosted server facade as well as one of a game connected to it\n* If any steps fail include details for the failure and review the issue with a mentor before submitting the task (get guidance on whether it is a Terasology issue or an issue of misconfiguration)\n\n# Where to start\n\n* Look at [the forum thread](https://forum.terasology.org/threads/facadeserver-headless-server-with-web-interface.1906/) for all the details :-)\n\n# See also\n\n* [Setting up a regular server and provide feedback](https://codein.withgoogle.com/dashboard/tasks/4908127657918464)',NULL,0,'Try out Terasology\'s advanced server facade and provide feedback',606208,'https://trello.com/c/lG2sWNqQ','5b9b100cca1728134ee88b15','5bb1400605e0cc6f01a9e124'),('5bcf312f1f7e6e458bfb5305',NULL,1,'2020-09-13 00:02:05.475366','2019-10-16 22:41:01.862000','2020-09-13 00:02:05.475367','{emoji={}}','# Replay Test: Tower\n\nWith the new Record and Replay (R&R) feature we can now record a game using the Core module and then use that recording to test the game.\n\nThis task is to use R&R as well as `TestReplayModule` to record a game using the Core module, in which the player creates a block tower and stands on its top, and the test checks they reach the correct position.\n\n# Definition of \'Done\'\n\n* A Replay Test that executes a replay in which the player builds a block tower, stands on its top and then asserts the player\'s initial and final location.\n* A video showing the replay running on the headed test environment and the assert passing.\n\n# Where to start\n\n* Get `TestReplayModule` on your workspace. [Instructions on how to fetch a module](https://github.com/MovingBlocks/Terasology/wiki/Developing-Modules)\n* [Read about Replay Tests on the wiki](https://github.com/MovingBlocks/Terasology/wiki/Replay-Tests)\n* [Check the example test code](https://github.com/Terasology/TestReplayModule/blob/master/src/test/java/org/terasology/replayTests/examples/ExampleAcceptanceTest.java) to understand how to get the `LocalPlayer` from the game.\n* Get the necessary data for the test from the `LocalPlayer` or `CoreRegistry`\n\n# See also\n\n* [The Record and Replay Wiki](https://github.com/MovingBlocks/Terasology/wiki/How-to-Use-Record-and-Replay)',NULL,0,'Replay Test: Tower',2109440,'https://trello.com/c/ISQih8HE','5b9b100cca1728134ee88b15','5da6ffb280d00419145f796a'),('5bcf4588914bde32cf182616',NULL,0,'2020-09-13 00:02:05.653568','2018-11-10 02:55:06.149000','2020-09-13 00:02:05.653569',NULL,'# Title (card name)\n\nIntro text - describe the involved stuff (code, component, website, document, etc) briefly, what\'s missing, and what\'s desired\n\n# Definition of \'Done\'\n\n* Put bullet points here for the final state that\'ll satisfy the task\n* Include at least one \"deliverable\" - usually a screenshot for any task involving game assets (forces testing of the game - if it doesn\'t work yet then the task isn\'t done yet, ask for help!), a forum thread or wiki page for a document, a youtube link for a video, and so on\n\n# Where to start\n\n* More bullet points! Give the student instructions for the starting state to aim for (working workspace etc)\n* Give names of classes or other code resources to search for, if applicable\n* Link to related information to investigate\n\n# See also\n\n* Put a link here to a section on https://github.com/MovingBlocks/Terasology/wiki/GCI if there is one describing this specific category of task\n* Any other information that may be relevant, such as suggested tasks to consider before or after this task',NULL,0,'Cerv - 1 task every 2 days',128,'https://trello.com/c/GXNRODGJ','5b9b100cca1728134ee88b15','5bb0f06bf9698564f444f403'),('5bcf68dbd1baac58950ec30c',NULL,1,'2020-09-13 00:02:05.767887','2018-10-25 00:10:45.807000','2020-09-13 00:02:05.767887',NULL,'# Title (card name)\n\nIntro text - describe the involved stuff (code, component, website, document, etc) briefly, what\'s missing, and what\'s desired\n\n# Definition of \'Done\'\n\n* Put bullet points here for the final state that\'ll satisfy the task\n* Include at least one \"deliverable\" - usually a screenshot for any task involving game assets (forces testing of the game - if it doesn\'t work yet then the task isn\'t done yet, ask for help!), a forum thread or wiki page for a document, a youtube link for a video, and so on\n\n# Where to start\n\n* More bullet points! Give the student instructions for the starting state to aim for (working workspace etc)\n* Give names of classes or other code resources to search for, if applicable\n* Link to related information to investigate\n\n# See also\n\n* Put a link here to a section on https://github.com/MovingBlocks/Terasology/wiki/GCI if there is one describing this specific category of task\n* Any other information that may be relevant, such as suggested tasks to',NULL,0,'A capacity attribute for the buildings',163840,'https://trello.com/c/U00rw6mw','5b9b100cca1728134ee88b15','5bb0f06bf9698564f444f403'),('5bd1e8bdb72fe037b488ead9',NULL,0,'2020-09-13 00:02:05.631754','2018-11-10 02:55:10.797000','2020-09-13 00:02:05.631755',NULL,'# Title (card name)\n\nIntro text - describe the involved stuff (code, component, website, document, etc) briefly, what\'s missing, and what\'s desired\n\n# Definition of \'Done\'\n\n* Put bullet points here for the final state that\'ll satisfy the task\n* Include at least one \"deliverable\" - usually a screenshot for any task involving game assets (forces testing of the game - if it doesn\'t work yet then the task isn\'t done yet, ask for help!), a forum thread or wiki page for a document, a youtube link for a video, and so on\n\n# Where to start\n\n* More bullet points! Give the student instructions for the starting state to aim for (working workspace etc)\n* Give names of classes or other code resources to search for, if applicable\n* Link to related information to investigate\n\n# See also\n\n* Put a link here to a section on https://github.com/MovingBlocks/Terasology/wiki/GCI if there is one describing this specific category of task\n* Any other information that may be relevant, such as suggested tasks to consider before or after this task',NULL,0,'Cerv - 1 task every 2 days',64,'https://trello.com/c/MgwPbcU3','5b9b100cca1728134ee88b15','5bb0f06bf9698564f444f403'),('5bd20bd3248a590e46c76792',NULL,0,'2020-09-13 00:02:05.777458','2018-11-10 02:54:27.772000','2020-09-13 00:02:05.777459',NULL,'# Title (card name)\n\nIntro text - describe the involved stuff (code, component, website, document, etc) briefly, what\'s missing, and what\'s desired\n\n# Definition of \'Done\'\n\n* Put bullet points here for the final state that\'ll satisfy the task\n* Include at least one \"deliverable\" - usually a screenshot for any task involving game assets (forces testing of the game - if it doesn\'t work yet then the task isn\'t done yet, ask for help!), a forum thread or wiki page for a document, a youtube link for a video, and so on\n\n# Where to start\n\n* More bullet points! Give the student instructions for the starting state to aim for (working workspace etc)\n* Give names of classes or other code resources to search for, if applicable\n* Link to related information to investigate\n\n# See also\n\n* Put a link here to a section on https://github.com/MovingBlocks/Terasology/wiki/GCI if there is one describing this specific category of task\n* Any other information that may be relevant, such as suggested tasks to',NULL,0,'Naman - 1 task every 2 days',180224,'https://trello.com/c/ZG8o1UNe','5b9b100cca1728134ee88b15','5bb0f06bf9698564f444f403'),('5bd48b99293dff4f8fc571d3',NULL,0,'2020-09-13 00:02:05.611922','2018-11-10 02:55:16.651000','2020-09-13 00:02:05.611923',NULL,'# Title (card name)\n\nIntro text - describe the involved stuff (code, component, website, document, etc) briefly, what\'s missing, and what\'s desired\n\n# Definition of \'Done\'\n\n* Put bullet points here for the final state that\'ll satisfy the task\n* Include at least one \"deliverable\" - usually a screenshot for any task involving game assets (forces testing of the game - if it doesn\'t work yet then the task isn\'t done yet, ask for help!), a forum thread or wiki page for a document, a youtube link for a video, and so on\n\n# Where to start\n\n* More bullet points! Give the student instructions for the starting state to aim for (working workspace etc)\n* Give names of classes or other code resources to search for, if applicable\n* Link to related information to investigate\n\n# See also\n\n* Put a link here to a section on https://github.com/MovingBlocks/Terasology/wiki/GCI if there is one describing this specific category of task\n* Any other information that may be relevant, such as suggested tasks to consider before or after this task',NULL,0,'Cerv - 1 task every 2 days',32,'https://trello.com/c/5xZKqWs7','5b9b100cca1728134ee88b15','5bb0f06bf9698564f444f403'),('5bd5dd2e5f7357124c678e83',NULL,0,'2020-09-13 00:02:05.587981','2018-11-10 02:54:47.013000','2020-09-13 00:02:05.587982',NULL,'# Title (card name)\n\nIntro text - describe the involved stuff (code, component, website, document, etc) briefly, what\'s missing, and what\'s desired\n\n# Definition of \'Done\'\n\n* Put bullet points here for the final state that\'ll satisfy the task\n* Include at least one \"deliverable\" - usually a screenshot for any task involving game assets (forces testing of the game - if it doesn\'t work yet then the task isn\'t done yet, ask for help!), a forum thread or wiki page for a document, a youtube link for a video, and so on\n\n# Where to start\n\n* More bullet points! Give the student instructions for the starting state to aim for (working workspace etc)\n* Give names of classes or other code resources to search for, if applicable\n* Link to related information to investigate\n\n# See also\n\n* Put a link here to a section on https://github.com/MovingBlocks/Terasology/wiki/GCI if there is one describing this specific category of task\n* Any other information that may be relevant, such as suggested tasks to consider before or after this task',NULL,0,'Cerv - 1 task every 2 days',16,'https://trello.com/c/2umvo77T','5b9b100cca1728134ee88b15','5bb0f06bf9698564f444f403'),('5bd88029f84983766a11ddc0',NULL,0,'2020-09-13 00:02:05.564749','2018-11-10 02:54:45.063000','2020-09-13 00:02:05.564750',NULL,'# Title (card name)\n\nIntro text - describe the involved stuff (code, component, website, document, etc) briefly, what\'s missing, and what\'s desired\n\n# Definition of \'Done\'\n\n* Put bullet points here for the final state that\'ll satisfy the task\n* Include at least one \"deliverable\" - usually a screenshot for any task involving game assets (forces testing of the game - if it doesn\'t work yet then the task isn\'t done yet, ask for help!), a forum thread or wiki page for a document, a youtube link for a video, and so on\n\n# Where to start\n\n* More bullet points! Give the student instructions for the starting state to aim for (working workspace etc)\n* Give names of classes or other code resources to search for, if applicable\n* Link to related information to investigate\n\n# See also\n\n* Put a link here to a section on https://github.com/MovingBlocks/Terasology/wiki/GCI if there is one describing this specific category of task\n* Any other information that may be relevant, such as suggested tasks to consider before or after this task',NULL,0,'Cerv - 1 task every 2 days',8,'https://trello.com/c/koDqnS0a','5b9b100cca1728134ee88b15','5bb0f06bf9698564f444f403'),('5bdb2347a92e83582dd35d69',NULL,0,'2020-09-13 00:02:05.553159','2018-11-10 02:54:41.011000','2020-09-13 00:02:05.553160',NULL,'# Title (card name)\n\nIntro text - describe the involved stuff (code, component, website, document, etc) briefly, what\'s missing, and what\'s desired\n\n# Definition of \'Done\'\n\n* Put bullet points here for the final state that\'ll satisfy the task\n* Include at least one \"deliverable\" - usually a screenshot for any task involving game assets (forces testing of the game - if it doesn\'t work yet then the task isn\'t done yet, ask for help!), a forum thread or wiki page for a document, a youtube link for a video, and so on\n\n# Where to start\n\n* More bullet points! Give the student instructions for the starting state to aim for (working workspace etc)\n* Give names of classes or other code resources to search for, if applicable\n* Link to related information to investigate\n\n# See also\n\n* Put a link here to a section on https://github.com/MovingBlocks/Terasology/wiki/GCI if there is one describing this specific category of task\n* Any other information that may be relevant, such as suggested tasks to consider before or after this task',NULL,0,'Cerv - 1 task every 2 days',4,'https://trello.com/c/X00oBYm6','5b9b100cca1728134ee88b15','5bb0f06bf9698564f444f403'),('5bddc60f3f279984f2b2f632',NULL,0,'2020-09-13 00:02:05.542769','2018-11-10 02:54:07.562000','2020-09-13 00:02:05.542770',NULL,'# Title (card name)\n\nIntro text - describe the involved stuff (code, component, website, document, etc) briefly, what\'s missing, and what\'s desired\n\n# Definition of \'Done\'\n\n* Put bullet points here for the final state that\'ll satisfy the task\n* Include at least one \"deliverable\" - usually a screenshot for any task involving game assets (forces testing of the game - if it doesn\'t work yet then the task isn\'t done yet, ask for help!), a forum thread or wiki page for a document, a youtube link for a video, and so on\n\n# Where to start\n\n* More bullet points! Give the student instructions for the starting state to aim for (working workspace etc)\n* Give names of classes or other code resources to search for, if applicable\n* Link to related information to investigate\n\n# See also\n\n* Put a link here to a section on https://github.com/MovingBlocks/Terasology/wiki/GCI if there is one describing this specific category of task\n* Any other information that may be relevant, such as suggested tasks to consider before or after this task',NULL,0,'Cerv - 1 task every 2 days',2,'https://trello.com/c/MOj9bA6g','5b9b100cca1728134ee88b15','5bb0f06bf9698564f444f403'),('5bdf25bb00d7488367d02ca8',NULL,0,'2020-09-13 00:02:05.533386','2018-11-10 02:54:04.193000','2020-09-13 00:02:05.533387',NULL,'# Title (card name)\n\nIntro text - describe the involved stuff (code, component, website, document, etc) briefly, what\'s missing, and what\'s desired\n\n# Definition of \'Done\'\n\n* Put bullet points here for the final state that\'ll satisfy the task\n* Include at least one \"deliverable\" - usually a screenshot for any task involving game assets (forces testing of the game - if it doesn\'t work yet then the task isn\'t done yet, ask for help!), a forum thread or wiki page for a document, a youtube link for a video, and so on\n\n# Where to start\n\n* More bullet points! Give the student instructions for the starting state to aim for (working workspace etc)\n* Give names of classes or other code resources to search for, if applicable\n* Link to related information to investigate\n\n# See also\n\n* Put a link here to a section on https://github.com/MovingBlocks/Terasology/wiki/GCI if there is one describing this specific category of task\n* Any other information that may be relevant, such as suggested tasks to consider before or after this task',NULL,0,'Cerv - 1 task every 2 days',1,'https://trello.com/c/wAqGfs0Y','5b9b100cca1728134ee88b15','5bb0f06bf9698564f444f403'),('5be1c8c564119d8bda22a550',NULL,0,'2020-09-13 00:02:05.523828','2018-11-10 02:54:00.273000','2020-09-13 00:02:05.523828',NULL,'# Title (card name)\n\nIntro text - describe the involved stuff (code, component, website, document, etc) briefly, what\'s missing, and what\'s desired\n\n# Definition of \'Done\'\n\n* Put bullet points here for the final state that\'ll satisfy the task\n* Include at least one \"deliverable\" - usually a screenshot for any task involving game assets (forces testing of the game - if it doesn\'t work yet then the task isn\'t done yet, ask for help!), a forum thread or wiki page for a document, a youtube link for a video, and so on\n\n# Where to start\n\n* More bullet points! Give the student instructions for the starting state to aim for (working workspace etc)\n* Give names of classes or other code resources to search for, if applicable\n* Link to related information to investigate\n\n# See also\n\n* Put a link here to a section on https://github.com/MovingBlocks/Terasology/wiki/GCI if there is one describing this specific category of task\n* Any other information that may be relevant, such as suggested tasks to consider before or after this task',NULL,0,'Cerv - 1 task every 2 days',0.5,'https://trello.com/c/gCAcRXIM','5b9b100cca1728134ee88b15','5bb0f06bf9698564f444f403'),('5be46baebb1d1633a009cc31',NULL,0,'2020-09-13 00:02:05.512511','2018-11-10 02:53:55.389000','2020-09-13 00:02:05.512512',NULL,'# Title (card name)\n\nIntro text - describe the involved stuff (code, component, website, document, etc) briefly, what\'s missing, and what\'s desired\n\n# Definition of \'Done\'\n\n* Put bullet points here for the final state that\'ll satisfy the task\n* Include at least one \"deliverable\" - usually a screenshot for any task involving game assets (forces testing of the game - if it doesn\'t work yet then the task isn\'t done yet, ask for help!), a forum thread or wiki page for a document, a youtube link for a video, and so on\n\n# Where to start\n\n* More bullet points! Give the student instructions for the starting state to aim for (working workspace etc)\n* Give names of classes or other code resources to search for, if applicable\n* Link to related information to investigate\n\n# See also\n\n* Put a link here to a section on https://github.com/MovingBlocks/Terasology/wiki/GCI if there is one describing this specific category of task\n* Any other information that may be relevant, such as suggested tasks to consider before or after this task',NULL,0,'Cerv - 1 task every 2 days',0.25,'https://trello.com/c/IGvOofKJ','5b9b100cca1728134ee88b15','5bb0f06bf9698564f444f403'),('5c1dd0b877c66e2e71c805fa',NULL,1,'2020-09-12 15:04:50.013656','2019-02-02 09:40:36.948000','2020-09-12 15:04:50.013657',NULL,'',NULL,0,'Modernize gradle setup',65535,'https://trello.com/c/64OurNyg','5c1dceef6f5b3c2a774afdf2','5c1dcf20b1147c160b7ec34b'),('5c1dd0ce05dd7704b1903682',NULL,1,'2020-09-12 15:04:50.023178','2019-02-02 09:41:43.536000','2020-09-12 15:04:50.023180',NULL,'',NULL,0,'Select Android API target',131071,'https://trello.com/c/6AWYFgHI','5c1dceef6f5b3c2a774afdf2','5c1dcf20b1147c160b7ec34b'),('5c1dd0e2f995a68d8ecab888',NULL,1,'2020-09-12 15:04:50.180123','2018-12-22 16:59:12.769000','2020-09-12 15:04:50.180123',NULL,'',NULL,0,'Finalize and merge serialization overhaul',65535,'https://trello.com/c/1wtojgB5','5c1dceef6f5b3c2a774afdf2','5c1dd00da800223dfde0301d'),('5c1dd12856d81b849c8003e6',NULL,1,'2020-09-12 15:04:50.042515','2019-02-02 09:44:01.807000','2020-09-12 15:04:50.042515',NULL,'',NULL,0,'Rework reflections cache for android usage',196607,'https://trello.com/c/lHJue8Y7','5c1dceef6f5b3c2a774afdf2','5c1dcf20b1147c160b7ec34b'),('5c1dd14efee09b1dfc8d0371',NULL,1,'2020-09-12 15:04:50.050335','2019-02-02 09:44:10.083000','2020-09-12 15:04:50.050336',NULL,'',NULL,0,'Support loading package modules',262143,'https://trello.com/c/gfANa0Bt','5c1dceef6f5b3c2a774afdf2','5c1dcf20b1147c160b7ec34b'),('5c1dd15340f3c434ddfa3cf7',NULL,1,'2020-09-12 15:04:50.057306','2019-02-02 09:44:34.656000','2020-09-12 15:04:50.057307',NULL,'',NULL,0,'Support loading asset modules',327679,'https://trello.com/c/j8xVIiry','5c1dceef6f5b3c2a774afdf2','5c1dcf20b1147c160b7ec34b'),('5c1dd153ee3e0003bd814ec5',NULL,1,'2020-09-12 15:04:50.136478','2018-12-22 16:53:23.622000','2020-09-12 15:04:50.136478',NULL,'',NULL,0,'Basic (and advanced?) tutorials on entity usage and events',65535,'https://trello.com/c/6u3AaB13','5c1dceef6f5b3c2a774afdf2','5c1dcf3662853d1b25a153c6'),('5c1dd158bba1874eec680920',NULL,1,'2020-09-12 15:04:50.064128','2019-02-02 09:44:44.965000','2020-09-12 15:04:50.064129',NULL,'',NULL,0,'Investigate loading code modules',393215,'https://trello.com/c/BBQWxlA9','5c1dceef6f5b3c2a774afdf2','5c1dcf20b1147c160b7ec34b'),('5c1dd17887a82946105e002b',NULL,1,'2020-09-12 15:04:50.081126','2019-02-02 09:45:01.244000','2020-09-12 15:04:50.081126',NULL,'',NULL,0,'Refactor/simplify around classpath and file sources',65535,'https://trello.com/c/vTXTl0Al','5c1dceef6f5b3c2a774afdf2','5c1dcf2afa44588f267d632e'),('5c1dd1888dc67a47a61b40f0',NULL,1,'2020-09-12 15:04:50.088143','2019-02-02 09:45:13.645000','2020-09-12 15:04:50.088144',NULL,'',NULL,0,'Add support for package-filtered modules/multiple modules from a single classpath',131071,'https://trello.com/c/whsBx2an','5c1dceef6f5b3c2a774afdf2','5c1dcf2afa44588f267d632e'),('5c1dd1ae05c68d348ddf31c2',NULL,1,'2020-09-12 15:04:50.111074','2018-12-22 16:54:54.966000','2020-09-12 15:04:50.111075',NULL,'',NULL,0,'Refactor/simplify',65535,'https://trello.com/c/UVMtCHrI','5c1dceef6f5b3c2a774afdf2','5c1dcf2fa37edf29b713b171'),('5c1dd1b472ee7952fb112d6c',NULL,1,'2020-09-12 15:04:50.282744','2018-12-22 16:55:00.360000','2020-09-12 15:04:50.282746',NULL,'',NULL,0,'Splitting out api level systems that can be injected at runtime.',65535,'https://trello.com/c/Wf6cd5ea','5c1dceef6f5b3c2a774afdf2','5c1dcf76e7af3e793b5480e7'),('5c1dd1c6cb0fc4031a0422b5',NULL,1,'2020-09-12 15:04:50.031581','2019-02-02 09:43:39.874000','2020-09-12 15:04:50.031583',NULL,'',NULL,0,'Remove nio dependencies to allow android usage',163839,'https://trello.com/c/JcurQ5fg','5c1dceef6f5b3c2a774afdf2','5c1dcf20b1147c160b7ec34b'),('5c1dd1e705dd7704b190473b',NULL,1,'2020-09-12 15:04:50.119672','2018-12-22 16:55:51.816000','2020-09-12 15:04:50.119673',NULL,'',NULL,0,'Rework auto-reload to not break android (cannot be supported on android)',131071,'https://trello.com/c/Zl0i6w3a','5c1dceef6f5b3c2a774afdf2','5c1dcf2fa37edf29b713b171'),('5c1dd1ec43ebdf577d2bb5db',NULL,1,'2020-09-12 15:04:50.289899','2018-12-22 16:59:27.967000','2020-09-12 15:04:50.289900','{emoji={}}','Dagger organizes components into components and modules. modules are linked to a component and are used to describe the dependencies that are linked into a component. ',NULL,0,'organize components into a manageable graph.',131071,'https://trello.com/c/lr4PrF0R','5c1dceef6f5b3c2a774afdf2','5c1dcf76e7af3e793b5480e7'),('5c1dd1f6cbf5e48563097422',NULL,1,'2020-09-12 15:04:50.195607','2019-01-07 11:06:27.501000','2020-09-12 15:04:50.195608',NULL,'',NULL,0,'basic ES integration',65535,'https://trello.com/c/RMHZUgbC','5c1dceef6f5b3c2a774afdf2','5c1dcf7d26d8ce015ef22dd7'),('5c1dd1ff144c45736451b0d0',NULL,1,'2020-09-12 15:04:50.324855','2018-12-26 14:59:54.779000','2020-09-12 15:04:50.324856','{emoji={}}','\nBasic Design\nhttps://www.figma.com/file/e2q9hIU8CD5awyyIXFHAQV1X/DestinationSol?node-id=0%3A1',NULL,0,'DS basic Dagger 2 integration?',327679,'https://trello.com/c/Wqrj5BG9','5c1dceef6f5b3c2a774afdf2','5c1dcf76e7af3e793b5480e7'),('5c1dd205c5e37887f02c443a',NULL,1,'2020-09-12 15:04:50.201819','2018-12-22 16:56:21.573000','2020-09-12 15:04:50.201820',NULL,'',NULL,0,'basic ES re-integration',65535,'https://trello.com/c/oh2QgOl6','5c1dceef6f5b3c2a774afdf2','5c1dcf85041c94531fdd4b43'),('5c1dd209e91f594123321eaf',NULL,1,'2020-09-12 15:04:50.334768','2018-12-26 14:59:57.238000','2020-09-12 15:04:50.334769',NULL,'',NULL,0,'TS basic Dagger 2 integration?',393215,'https://trello.com/c/XtOArm0q','5c1dceef6f5b3c2a774afdf2','5c1dcf76e7af3e793b5480e7'),('5c1dd212b1147c160b7eeb61',NULL,1,'2020-09-12 15:04:50.207760','2018-12-22 16:56:43.753000','2020-09-12 15:04:50.207760',NULL,'',NULL,0,'refactor existing engine ES systems',98303,'https://trello.com/c/wKrXVhEH','5c1dceef6f5b3c2a774afdf2','5c1dcf85041c94531fdd4b43'),('5c1dd219f1ffb008a2f264ac',NULL,1,'2020-09-12 15:04:50.214721','2018-12-22 16:56:44.603000','2020-09-12 15:04:50.214722',NULL,'',NULL,0,'refactor existing base module systems',114687,'https://trello.com/c/kDYNcE7L','5c1dceef6f5b3c2a774afdf2','5c1dcf85041c94531fdd4b43'),('5c1dd22f6deb107ced56a931',NULL,1,'2020-09-12 15:04:50.221731','2018-12-22 16:57:04.724000','2020-09-12 15:04:50.221732',NULL,'',NULL,0,'refactor remaining modules (out of scope / done in parallel or later)',122879,'https://trello.com/c/ZeSSehRa','5c1dceef6f5b3c2a774afdf2','5c1dcf85041c94531fdd4b43'),('5c1dd23134d25976e71281c8',NULL,1,'2020-09-12 15:04:50.296343','2018-12-26 15:58:05.319000','2020-09-12 15:04:50.296344','{emoji={}}','Dagger 2 has some basic documentation that covers the features of the library but there isn\'t a lot of examples in regards to implementation, use and organization. \n\n\n## Articles\n- https://google.github.io/dagger/resources\n- https://github.com/frogermcs/Dagger2Recipes-UserScope\n- https://blog.davidmedenjak.com/android/2017/04/28/dagger-providing-different-implementations.html\n\n## Videos\n- https://www.youtube.com/watch?v=plK0zyRLIP8',NULL,0,'Work out best practices - Resources',196607,'https://trello.com/c/AxRPJSMX','5c1dceef6f5b3c2a774afdf2','5c1dcf76e7af3e793b5480e7'),('5c1dd23ab99bef1c14e6eaa6',NULL,1,'2020-09-12 15:04:50.143386','2018-12-22 16:57:14.535000','2020-09-12 15:04:50.143387',NULL,'',NULL,0,'Simplify/unify/address serialization (both loading prefabs and saving state)',131071,'https://trello.com/c/GmWMZLUf','5c1dceef6f5b3c2a774afdf2','5c1dcf3662853d1b25a153c6'),('5c1dd246a0076803ab8b1258',NULL,1,'2020-09-12 15:04:50.150607','2018-12-22 16:57:26.457000','2020-09-12 15:04:50.150608',NULL,'',NULL,0,'Performance test and tune',196607,'https://trello.com/c/GDfhAqfE','5c1dceef6f5b3c2a774afdf2','5c1dcf3662853d1b25a153c6'),('5c1dd24ca6e1b513fa8588fc',NULL,1,'2020-09-12 15:04:50.158352','2018-12-22 16:57:45.320000','2020-09-12 15:04:50.158353',NULL,'',NULL,0,'I\'ve heard some things about something called Star Dog',262143,'https://trello.com/c/FYoJDxTB','5c1dceef6f5b3c2a774afdf2','5c1dcf3662853d1b25a153c6'),('5c1dd2aae1494d87465a3677',NULL,1,'2020-09-12 15:04:50.187566','2018-12-22 16:59:11.512000','2020-09-12 15:04:50.187567',NULL,'',NULL,0,'Review potential to extract into a gestalt-serialization lib',131071,'https://trello.com/c/jKidzd24','5c1dceef6f5b3c2a774afdf2','5c1dd00da800223dfde0301d'),('5c1dd37908d30f240bb4b347',NULL,1,'2020-09-12 15:04:50.314206','2018-12-22 17:17:28.026000','2020-09-12 15:04:50.314207','{emoji={}}','some of the naming convention that dagger uses conflicts with gestalt. I believe dagger will probably stay with the engine so maybe namespacing would be enough to separate dagger from gestalt.\n\n- subComponent\n- Component\n- Module',NULL,0,'Naming Convention',262143,'https://trello.com/c/ZufTilHn','5c1dceef6f5b3c2a774afdf2','5c1dcf76e7af3e793b5480e7'),('5c1dd42afa44588f267db02a',NULL,1,'2020-09-12 15:04:50.071961','2018-12-22 17:05:30.437000','2020-09-12 15:04:50.071963',NULL,'',NULL,0,'Create better reflections caching in gradle',458751,'https://trello.com/c/9SiuTfwn','5c1dceef6f5b3c2a774afdf2','5c1dcf20b1147c160b7ec34b'),('5c1dd4510213f28ef41b4a63',NULL,1,'2020-09-12 15:04:50.095015','2018-12-22 17:06:17.713000','2020-09-12 15:04:50.095015',NULL,'',NULL,0,'Add access to final classloader where applicable',196607,'https://trello.com/c/iRkslIv6','5c1dceef6f5b3c2a774afdf2','5c1dcf2afa44588f267d632e'),('5c1dd4fb7cb5cb5a250d18ac',NULL,1,'2020-09-12 15:04:50.102691','2018-12-22 17:08:59.436000','2020-09-12 15:04:50.102693',NULL,'',NULL,0,'Documentation',262143,'https://trello.com/c/wFO0O56L','5c1dceef6f5b3c2a774afdf2','5c1dcf2afa44588f267d632e'),('5c1dd5000d807a7cc1f45033',NULL,1,'2020-09-12 15:04:50.129193','2018-12-22 17:09:04.203000','2020-09-12 15:04:50.129194',NULL,'',NULL,0,'Documentation',196607,'https://trello.com/c/KcP6tMSx','5c1dceef6f5b3c2a774afdf2','5c1dcf2fa37edf29b713b171'),('5c1dd506574b5c84fa972e3a',NULL,1,'2020-09-12 15:04:50.165885','2018-12-22 17:09:10.529000','2020-09-12 15:04:50.165886',NULL,'',NULL,0,'Documentation and examples',327679,'https://trello.com/c/YCXPvgv1','5c1dceef6f5b3c2a774afdf2','5c1dcf3662853d1b25a153c6'),('5c1dd527e87d7455bf91cef4',NULL,0,'2020-09-12 15:04:50.304556','2018-12-22 17:18:14.166000','2020-09-12 15:04:50.304558','{emoji={}}','https://google.github.io/dagger/resources\n\n',NULL,0,'Dagger 2 - Resources',229375,'https://trello.com/c/MYGRtWVh','5c1dceef6f5b3c2a774afdf2','5c1dcf76e7af3e793b5480e7'),('5c1dd6ac77a0754c2749967a',NULL,1,'2020-09-12 15:04:49.996955','2018-12-22 17:20:06.725000','2020-09-12 15:04:49.996956',NULL,'',NULL,0,'Review volunteers',65535,'https://trello.com/c/sd1VNrmg','5c1dceef6f5b3c2a774afdf2','5c1dd6a465aad12fda66dd51'),('5c1ddd1ffb041521284b9ac1',NULL,1,'2020-09-12 15:04:49.983329','2019-03-20 14:31:55.161000','2020-09-12 15:04:49.983329','{emoji={}}','This Architecture Arc board is meant to help organize efforts to improve our overall project architecture between the holiday season 2018 through GSOC 2019\n\nA few committed and long term contributors will be on point to focus on a larger projects, with more being available to help review the work.\n\nAfter initial brainstorming here we might move to a GitHub Board a la GSOC with issues in the appropriate repositories.\n\nThe cornerstone project is Gestalt improvements by Immortius. Secondary is serialization and possible adoption of Dagger 2. Ultimately the goal is to implement the final products into both Destination Sol and Terasology, ideally in time for GSOC 2019 to build things on top (and quite possibly work on some remaining todos and module overhauls)',NULL,0,'Goals and process',32767.5,'https://trello.com/c/23rcuEem','5c1dceef6f5b3c2a774afdf2','5c1dd6a465aad12fda66dd51'),('5c1e9e77deebc329cf7c0634',NULL,1,'2020-09-12 15:05:09.847463','2018-12-23 07:28:39.833000','2020-09-12 15:05:09.847464',NULL,'',NULL,0,'Basic caves & ore gen',65535,'https://trello.com/c/VhZYE9Ab','5c1e9da3f073f984668f3061','5c1e9de03bfab769f6d865a8'),('5c1e9e8ecc0d536fc406342d',NULL,1,'2020-09-12 15:05:09.854506','2018-12-23 07:29:02.556000','2020-09-12 15:05:09.854506',NULL,'',NULL,0,'Basic crafting system',131071,'https://trello.com/c/8esseuHB','5c1e9da3f073f984668f3061','5c1e9de03bfab769f6d865a8'),('5c1e9e954c4d69064121a314',NULL,1,'2020-09-12 15:05:09.861501','2018-12-23 07:29:09.560000','2020-09-12 15:05:09.861501',NULL,'',NULL,0,'Basic machinery',196607,'https://trello.com/c/WJ6TjgFK','5c1e9da3f073f984668f3061','5c1e9de03bfab769f6d865a8'),('5c1e9ea0e961066457a2538b',NULL,1,'2020-09-12 15:05:09.902488','2018-12-23 09:16:37.940000','2020-09-12 15:05:09.902489',NULL,'',NULL,0,'WildAnimals + spawn naturally',65535,'https://trello.com/c/XrCMGeKC','5c1e9da3f073f984668f3061','5c1e9dbeeee92f6170a4abeb'),('5c1e9eb413e44b879c3656ed',NULL,1,'2020-09-12 15:05:09.911470','2018-12-23 08:14:40.439000','2020-09-12 15:05:09.911471','{emoji={}}','JS already has a camp fire. Probably that could be set up as a minimal cooking station as well',NULL,0,'Cooking',131071,'https://trello.com/c/1dh4FIcr','5c1e9da3f073f984668f3061','5c1e9dbeeee92f6170a4abeb'),('5c1e9ebd1e211d42af7ed663',NULL,1,'2020-09-12 15:05:09.919612','2018-12-23 08:14:56.595000','2020-09-12 15:05:09.919614',NULL,'',NULL,0,'Alchemy / Potions',196607,'https://trello.com/c/Qx9fkFRn','5c1e9da3f073f984668f3061','5c1e9dbeeee92f6170a4abeb'),('5c1e9ebfe95bcb2a9e8c6106',NULL,1,'2020-09-12 15:05:09.926169','2018-12-23 07:29:51.024000','2020-09-12 15:05:09.926169',NULL,'',NULL,0,'Smithing',262143,'https://trello.com/c/8atBTc7q','5c1e9da3f073f984668f3061','5c1e9dbeeee92f6170a4abeb'),('5c1e9ec8427ad21ae9080797',NULL,1,'2020-09-12 15:05:09.933074','2018-12-23 07:30:00.223000','2020-09-12 15:05:09.933074',NULL,'',NULL,0,'CombatSystem',327679,'https://trello.com/c/Cb7rCvQ2','5c1e9da3f073f984668f3061','5c1e9dbeeee92f6170a4abeb'),('5c1e9ecc2297f94145d8caa6',NULL,1,'2020-09-12 15:05:09.940755','2018-12-23 08:45:45.913000','2020-09-12 15:05:09.940756',NULL,'',NULL,0,'GooeysQuests (adventure)',393215,'https://trello.com/c/RWhxyF9h','5c1e9da3f073f984668f3061','5c1e9dbeeee92f6170a4abeb'),('5c1e9ed3eee92f6170a4bbdd',NULL,1,'2020-09-12 15:05:09.948723','2018-12-23 07:36:28.827000','2020-09-12 15:05:09.948724','{emoji={}}','Including crafting books in the first place, should be easy to add a recipe to JS to achieve this',NULL,0,'Books / Quests',458751,'https://trello.com/c/Iy37yyw6','5c1e9da3f073f984668f3061','5c1e9dbeeee92f6170a4abeb'),('5c1e9ef7bda5546972fd8b9a',NULL,1,'2020-09-12 15:05:10.004537','2018-12-23 07:44:56.562000','2020-09-12 15:05:10.004538','{emoji={}}','https://minecraft.curseforge.com/projects/millenaire\n\nExisting pieces like it: MasterOfOreon, DynamicCities',NULL,0,'Deeper functionality like Millenaire to have autonomous societies',65535,'https://trello.com/c/a2j8OURp','5c1e9da3f073f984668f3061','5c1e9dd8a3eb482297136530'),('5c1e9f48403a774a56767d93',NULL,1,'2020-09-12 15:05:10.013338','2018-12-23 09:16:19.966000','2020-09-12 15:05:10.013339','{emoji={}}','Example: https://www.curseforge.com/minecraft/mc-mods/dynamictrees\n\nCurrent related: Small fruiting trees etc from SimpleFarming (don\'t spread on their own), old dynamically growing trees from Throughout The Ages (horribly broken by now, don\'t spread on their own)',NULL,0,'Better growing & spreading forests',131071,'https://trello.com/c/Gwl9lxiL','5c1e9da3f073f984668f3061','5c1e9dd8a3eb482297136530'),('5c1e9ff3f0278f3ab90d45ae',NULL,1,'2020-09-12 15:05:09.955474','2018-12-23 07:34:59.411000','2020-09-12 15:05:09.955475',NULL,'',NULL,0,'HumanoidCharacters',524287,'https://trello.com/c/Vw9UP6SV','5c1e9da3f073f984668f3061','5c1e9dbeeee92f6170a4abeb'),('5c1ea00c03079f115d9b77b6',NULL,1,'2020-09-12 15:05:10.021029','2018-12-23 07:35:50.760000','2020-09-12 15:05:10.021030','{emoji={}}','Reference note: Creature system in ARK: Survival Evolved (including natural color sets, mutant sets, and painting system)',NULL,0,'Dyes and better ability to color in sub-parts of a model, including creatures',196607,'https://trello.com/c/7awM0Brf','5c1e9da3f073f984668f3061','5c1e9dd8a3eb482297136530'),('5c1ea19b6dfca847b0f5b8b1',NULL,1,'2020-09-12 15:05:09.868950','2018-12-23 07:42:03.558000','2020-09-12 15:05:09.868951',NULL,'',NULL,0,'Basic world (plain Perlin)',262143,'https://trello.com/c/dbu9rgfW','5c1e9da3f073f984668f3061','5c1e9de03bfab769f6d865a8'),('5c1ea1b0e5adbc6b6831d75f',NULL,1,'2020-09-12 15:05:09.877422','2018-12-23 07:42:24.004000','2020-09-12 15:05:09.877423',NULL,'',NULL,0,'Basic food & drink (minimal items)',327679,'https://trello.com/c/VjuE1efn','5c1e9da3f073f984668f3061','5c1e9de03bfab769f6d865a8'),('5c1ea2682f6afd709ad4e6d2',NULL,1,'2020-09-12 15:05:10.031209','2018-12-23 15:29:46.233000','2020-09-12 15:05:10.031210',NULL,'',NULL,0,'Story / Lore for the main world',262143,'https://trello.com/c/NUM9Tgv5','5c1e9da3f073f984668f3061','5c1e9dd8a3eb482297136530'),('5c1ea5c01b2a782da50dba4f',NULL,1,'2020-09-12 15:05:10.039824','2018-12-23 08:06:42.646000','2020-09-12 15:05:10.039824',NULL,'',NULL,0,'Better font support to show other scripts (including our custom one)',65535,'https://trello.com/c/jpLbWDut','5c1e9da3f073f984668f3061','5c1ea5b3e670cf2d0a8dde81'),('5c1ea89f263b2c5c3869a95a',NULL,1,'2020-09-12 15:05:09.961937','2018-12-29 14:52:36.152000','2020-09-12 15:05:09.961937',NULL,'',NULL,0,'Rails - need work',589823,'https://trello.com/c/oZiSg1w2','5c1e9da3f073f984668f3061','5c1e9dbeeee92f6170a4abeb'),('5c1ea8a3cac01b34e21b99cd',NULL,1,'2020-09-12 15:05:09.968204','2018-12-29 14:52:33.586000','2020-09-12 15:05:09.968204',NULL,'',NULL,0,'Pipes - need work',655359,'https://trello.com/c/wGODXYKi','5c1e9da3f073f984668f3061','5c1e9dbeeee92f6170a4abeb'),('5c1ea931af4ca001571f1934',NULL,1,'2020-09-12 15:05:09.886388','2018-12-24 00:02:31.006000','2020-09-12 15:05:09.886388','{emoji={}}','SimpleFarming is a module that aims to provide a, well, simple farming implementation.\nIt tries to distance itself from complete realism and rather to give a basic and somewhat more abstract version of farming. It provides a few seeds which grow into full bushes, vines or trees. These can then be harvested for their produce, or destroyed for their seeds.\n\nContent is housed in the EdibleFlora module, with \"expansion packs\" in the AdditionalVegetables and AdditionalFruits modules\n\n___\n\nIn order to be fully active in JS, it needs to have the produce integrated with other modules, namely cooking and alchemy, as well as potentially expanded to be used in some non-food based plants (though this is optional)',NULL,0,'SimpleFarming',65535,'https://trello.com/c/Wd1Rqw8U','5c1e9da3f073f984668f3061','5c1ea92c77c66e2e71d6d87e'),('5c1ea9df191aa347462842c8',NULL,1,'2020-09-12 15:05:10.046563','2018-12-23 09:15:34.014000','2020-09-12 15:05:10.046564',NULL,'',NULL,0,'Better material indeces',131071,'https://trello.com/c/Bh3txmuG','5c1e9da3f073f984668f3061','5c1ea5b3e670cf2d0a8dde81'),('5c1eaad70fe99812ac986d37',NULL,1,'2020-09-12 15:05:09.894209','2018-12-23 08:21:27.178000','2020-09-12 15:05:09.894210',NULL,'',NULL,0,'Crafting',131071,'https://trello.com/c/lvLqj1YR','5c1e9da3f073f984668f3061','5c1ea92c77c66e2e71d6d87e'),('5c1eab5855782842826e1f0f',NULL,1,'2020-09-12 15:05:09.976265','2018-12-23 08:23:36.300000','2020-09-12 15:05:09.976266',NULL,'',NULL,0,'KComputers',720895,'https://trello.com/c/2J0s2uJm','5c1e9da3f073f984668f3061','5c1e9dbeeee92f6170a4abeb'),('5c1eb9a854388516a4f01b80',NULL,1,'2020-09-12 15:04:50.229986','2018-12-23 14:58:02.877000','2020-09-12 15:04:50.229987','{emoji={}}','',NULL,0,'New model formats / improved 3D artwork pipeline',65535,'https://trello.com/c/9pAp3Dv8','5c1dceef6f5b3c2a774afdf2','5c1eb9958ef29372251f61d1'),('5c1f0949e0bfe70e54421a06',NULL,1,'2020-09-12 15:04:50.238844','2018-12-25 04:43:26.092000','2020-09-12 15:04:50.238845','{emoji={}}','https://github.com/MovingBlocks/Terasology/pull/3532',NULL,0,'Performance improvements - vector pooling? Adopt JOML?',131071,'https://trello.com/c/Cp3wyP45','5c1dceef6f5b3c2a774afdf2','5c1eb9958ef29372251f61d1'),('5c1f0e00cb1e63883d0865b4',NULL,1,'2020-09-12 15:04:50.246011','2018-12-23 15:24:38.069000','2020-09-12 15:04:50.246012',NULL,'',NULL,0,'TeraBullet / physics changes',196607,'https://trello.com/c/mvOjIHKs','5c1dceef6f5b3c2a774afdf2','5c1eb9958ef29372251f61d1'),('5c2191761e954272d3f1c4d4',NULL,1,'2020-09-12 15:04:50.172762','2018-12-25 13:09:58.973000','2020-09-12 15:04:50.172762',NULL,'',NULL,0,'Glue / Utility code for the engines (search entities with given patterns)',393215,'https://trello.com/c/QBMY69il','5c1dceef6f5b3c2a774afdf2','5c1dcf3662853d1b25a153c6'),('5c2277bca921d03af86efc6c',NULL,1,'2020-09-12 15:04:50.004346','2018-12-26 05:34:33.091000','2020-09-12 15:04:50.004348','{emoji={}}','Lives at https://sketchboard.me/jBnqzrROpBQN#/ - the attached version is likely to go out of date. And may need an image viewer that puts a nice background in ..\n\nFocus for the architecture arc is the orange stuff maybe with some bits of green',NULL,0,'Scary Diagram',131071,'https://trello.com/c/g4NRZzOr','5c1dceef6f5b3c2a774afdf2','5c1dd6a465aad12fda66dd51'),('5c22f85d56849944e4191cc1',NULL,1,'2020-09-12 15:04:50.253757','2018-12-26 14:44:02.551000','2020-09-12 15:04:50.253759',NULL,'',NULL,0,'Extract NUI?',262143,'https://trello.com/c/Edui1G6U','5c1dceef6f5b3c2a774afdf2','5c1eb9958ef29372251f61d1'),('5c22f8678999e83fd1e10a2e',NULL,1,'2020-09-12 15:04:50.262449','2018-12-26 14:41:27.070000','2020-09-12 15:04:50.262451',NULL,'',NULL,0,'Extract existing Context & Injection?',327679,'https://trello.com/c/zVia0CO7','5c1dceef6f5b3c2a774afdf2','5c1eb9958ef29372251f61d1'),('5c22f871c392d13d2701f02f',NULL,1,'2020-09-12 15:04:50.268641','2018-12-26 14:44:00.265000','2020-09-12 15:04:50.268642',NULL,'',NULL,0,'Extract FlexibleConfig?',393215,'https://trello.com/c/80hKBUoi','5c1dceef6f5b3c2a774afdf2','5c1eb9958ef29372251f61d1'),('5c22fc6e93bd2573349e9168',NULL,1,'2020-09-12 15:04:50.275791','2018-12-26 14:58:54.989000','2020-09-12 15:04:50.275792',NULL,'',NULL,0,'Networking overhaul / redux / POC, focus on DS multiplayer?',458751,'https://trello.com/c/64fmvVu4','5c1dceef6f5b3c2a774afdf2','5c1eb9958ef29372251f61d1'),('5c2309efb49a4475c69e4acb',NULL,1,'2020-09-12 15:04:50.344427','2018-12-26 15:56:40.965000','2020-09-12 15:04:50.344428',NULL,'',NULL,0,'Possible Implementation Diagram',458751,'https://trello.com/c/GBGbEgLW','5c1dceef6f5b3c2a774afdf2','5c1dcf76e7af3e793b5480e7'),('5c26ef65d0a9795461a8683e',NULL,1,'2020-09-12 15:05:09.982652','2018-12-29 14:52:45.036000','2020-09-12 15:05:09.982653',NULL,'',NULL,0,'BlockNetwork - needs work?',786431,'https://trello.com/c/4BC32mTi','5c1e9da3f073f984668f3061','5c1e9dbeeee92f6170a4abeb'),('5c26ef7ddc0bcc300b96a52e',NULL,1,'2020-09-12 15:05:09.988649','2018-12-29 14:52:41.996000','2020-09-12 15:05:09.988650',NULL,'',NULL,0,'SegmentedPaths - integrate with or re-inspire from BlockNetworks?',851967,'https://trello.com/c/fhDBO61n','5c1e9da3f073f984668f3061','5c1e9dbeeee92f6170a4abeb'),('5c26efa3db87980c130d2fbc',NULL,1,'2020-09-12 15:05:09.994934','2018-12-29 14:53:24.844000','2020-09-12 15:05:09.994935',NULL,'',NULL,0,'WeatherManager - new effects PR by RatMoleRat',917503,'https://trello.com/c/1SlwkcKT','5c1e9da3f073f984668f3061','5c1e9dbeeee92f6170a4abeb'),('5c32a3eeba9c3283bad03f1f',NULL,1,'2020-09-12 15:04:49.990476','2019-01-07 14:41:25.897000','2020-09-12 15:04:49.990476','{emoji={}}','The primary cornerstone of this arc is Gestalt. Here is a rough outline of desired goals\n\nThe #4 item might be more of a fork after #3 and may be worked in parallel with #5 by somebody else',NULL,0,'Gestalt Outline',49151.2,'https://trello.com/c/PlaPoy5B','5c1dceef6f5b3c2a774afdf2','5c1dd6a465aad12fda66dd51'),('5e931d38b0c3ec75f6fa7175',NULL,1,'2020-09-12 15:09:09.618111','2020-04-12 23:58:50.167000','2020-09-12 15:09:09.618112','{emoji={}}','See [the safe website](https://www.scaledagileframework.com/domain-modeling/) for specifics\n\nRequired elements:\n---\n\n- Conceptual Class diagram\n - Shows relationships between key concepts.\n - High level and covers entire system\n- Brief explanation of concept\n - Explains what classes represent\n - Explains responsibilities of class\n - Explains key decisions\n- Glossary\n  - Listing technical words\n  - Probably referenced in other documents',NULL,0,'Model of Domain Structure',65535,'https://trello.com/c/xgmJzVAf','5e844d43482bed3fe97669da','5e844d43482bed3fe97669db'),('5e931d42f0e03f8b335cda99',NULL,1,'2020-09-12 15:09:09.625261','2020-04-13 00:00:41.737000','2020-09-12 15:09:09.625263','{emoji={}}','Required items\n---\n\n- List of software systems that already exist\n- Compare capabilities of these systems\n - How much can these system match the requirements\n - Costs/requirements of use\n - Include manual systems in this analysis\n- If no alternative systems could be found record that',NULL,0,'Review of alternative software',131071,'https://trello.com/c/eqw5MnWk','5e844d43482bed3fe97669da','5e844d43482bed3fe97669db'),('5e931d4714732202e62cee0a',NULL,1,'2020-09-12 15:09:09.632729','2020-04-13 00:04:24.842000','2020-09-12 15:09:09.632730','{emoji={}}','See [The safe website](https://scaledagileframework.com/vision/)\n\nRequired Items\n---\n- Details what the software should do\n- How it will differ from competitors\n- A \"Solution Vision\" by SAFE lingo\n\nSuggested points\n---\n- What will this new solution do?\n- What problems will it solve?\n- What features and benefits will it provide?\n- Who will benefit from the system? (I.E: who are _stakeholders_?)\n- What non-functional requirements should the system deliver',NULL,0,'Vision Statement',196607,'https://trello.com/c/9Ycuhms4','5e844d43482bed3fe97669da','5e844d43482bed3fe97669db'),('5e931d67cddfab2a3dbc5fde',NULL,1,'2020-09-12 15:09:09.639556','2020-04-13 00:05:35.793000','2020-09-12 15:09:09.639557','{emoji={}}','Key elements\n---\n- Explaining the understanding of the domain to the release train\n- Done through a video\n- Suggested to use panopto.',NULL,0,'Video Presentation',262143,'https://trello.com/c/d5iD57vY','5e844d43482bed3fe97669da','5e844d43482bed3fe97669db'),('5eabd1dd18524913f14f8f71',NULL,1,'2020-09-12 15:09:16.364341','2020-05-01 17:38:05.774000','2020-09-12 15:09:16.364341',NULL,'',NULL,0,'As a marker, I want to be able to see how many changes a user has made so I tell how much work they did',65535,'https://trello.com/c/L0fKs9x7','5eab97395c130f4aba517da0','5eabd1d35d2a10353e584d07'),('5eabd1e459cea764960ad880',NULL,1,'2020-09-12 15:09:16.374392','2020-05-01 17:38:12.026000','2020-09-12 15:09:16.374393',NULL,'',NULL,0,'As a student, I want to be able to see old versions of the board so that I can see old work',131071,'https://trello.com/c/WbzODCgl','5eab97395c130f4aba517da0','5eabd1d35d2a10353e584d07'),('5eabd1e9547da10de481b0c7',NULL,1,'2020-09-12 15:09:16.383722','2020-05-01 17:38:17.286000','2020-09-12 15:09:16.383723',NULL,'',NULL,0,'As a marker, I want to be able to see how a card has been moved over time so I can see how the board is being used',196607,'https://trello.com/c/gntyE1Ee','5eab97395c130f4aba517da0','5eabd1d35d2a10353e584d07'),('5eabd1f01d530b18e70f68dc',NULL,1,'2020-09-12 15:09:16.394488','2020-05-01 17:38:24.095000','2020-09-12 15:09:16.394490',NULL,'',NULL,0,'As a marker, I want to be able to track how a card has changed over time, so I can see changes made to it',262143,'https://trello.com/c/N6YozVt8','5eab97395c130f4aba517da0','5eabd1d35d2a10353e584d07'),('5eabd1f4be85a67a45e1a133',NULL,1,'2020-09-12 15:09:16.404452','2020-05-01 17:38:28.606000','2020-09-12 15:09:16.404453',NULL,'',NULL,0,'As a student, I want to be able to link my board with the dashboard, so that it can accurately identify me',327679,'https://trello.com/c/oWhQyh5B','5eab97395c130f4aba517da0','5eabd1d35d2a10353e584d07'),('5eb26e88c4dda17e5156fb8e',NULL,1,'2020-09-12 15:09:16.751976','2020-05-27 18:40:38.447000','2020-09-12 15:09:16.751977',NULL,'',NULL,0,'Familiarize with Trello API',1277950,'https://trello.com/c/rhj58ye1','5eab97395c130f4aba517da0','5eb26be627ed053574cd1893'),('5eb26f90b19ce31f2c97eaa7',NULL,1,'2020-09-12 15:09:16.759494','2020-05-27 18:40:40.018000','2020-09-12 15:09:16.759495',NULL,'',NULL,0,'Familiarize with Springboot',1343490,'https://trello.com/c/a7rNSgr8','5eab97395c130f4aba517da0','5eb26be627ed053574cd1893'),('5eb26fae4e1c4b49ff80cecc',NULL,1,'2020-09-12 15:09:16.677937','2020-06-17 18:22:17.281000','2020-09-12 15:09:16.677938','{emoji={}}','',NULL,0,'Make a RESTful API to connect backend trello data',102399,'https://trello.com/c/qmeEEg3V','5eab97395c130f4aba517da0','5eb26be627ed053574cd1893'),('5eb270db96b81f48acb91eee',NULL,1,'2020-09-12 15:09:16.576289','2020-08-25 21:19:02.406000','2020-09-12 15:09:16.576291',NULL,'',NULL,0,'Connect Okta user data to trello user data',43519.7,'https://trello.com/c/ULBzgV13','5eab97395c130f4aba517da0','5eb26be627ed053574cd1893'),('5eb2710eaa8dab28016ac618',NULL,1,'2020-09-12 15:09:16.662810','2020-06-17 18:22:18.384000','2020-09-12 15:09:16.662811',NULL,'',NULL,0,'Notice trello updates using webhooks',86015.4,'https://trello.com/c/cFZqb96P','5eab97395c130f4aba517da0','5eb26be627ed053574cd1893'),('5eb2711e00b9414c7e8b1b13',NULL,0,'2020-09-12 15:09:16.474706','2020-05-06 18:59:04.282000','2020-09-12 15:09:16.474707',NULL,'',NULL,0,'Store/load past trello versions',491519,'https://trello.com/c/mU54XEq5','5eab97395c130f4aba517da0','5eb26bbabf2adb3774eebc41'),('5eb271805d843561fc60b774',NULL,1,'2020-09-12 15:09:16.638637','2020-06-17 18:22:30.343000','2020-09-12 15:09:16.638639',NULL,'',NULL,0,'Store trello changes',60927.6,'https://trello.com/c/pFXvLQT7','5eab97395c130f4aba517da0','5eb26be627ed053574cd1893'),('5eb271bf2c193359dd63589e',NULL,1,'2020-09-12 15:09:16.568762','2020-06-17 18:22:23.253000','2020-09-12 15:09:16.568763',NULL,'',NULL,0,'Generate readable history',34815.8,'https://trello.com/c/e9s8j34Y','5eab97395c130f4aba517da0','5eb26be627ed053574cd1893'),('5eb272593d750e55652eed88',NULL,1,'2020-09-12 15:09:16.585853','2020-08-18 16:58:32.782000','2020-09-12 15:09:16.585853',NULL,'',NULL,0,'Alter trello board to show past version',44607.7,'https://trello.com/c/1Ugwl8hC','5eab97395c130f4aba517da0','5eb26be627ed053574cd1893'),('5eb273cbd413da537e5e942f',NULL,1,'2020-09-12 15:09:16.609800','2020-06-17 18:22:29.202000','2020-09-12 15:09:16.609800',NULL,'',NULL,0,'Connect to database to store history',52223.7,'https://trello.com/c/k09IEIar','5eab97395c130f4aba517da0','5eb26be627ed053574cd1893'),('5eb2741de881f748a7607471',NULL,1,'2020-09-12 15:09:16.685973','2020-06-13 01:36:40.002000','2020-09-12 15:09:16.685974',NULL,'',NULL,0,'Making Database Structure',135167,'https://trello.com/c/2VZchty4','5eab97395c130f4aba517da0','5eb26be627ed053574cd1893'),('5eb275589b32697e5f6d8234',NULL,1,'2020-09-12 15:09:16.694583','2020-05-06 18:59:21.420000','2020-09-12 15:09:16.694584',NULL,'',NULL,0,'Research trello functionality, i.e. depth of Trello in depth history/versioning',819199,'https://trello.com/c/ziHCxH0J','5eab97395c130f4aba517da0','5eb26be627ed053574cd1893'),('5eb27a5c1c98481f6d182433',NULL,1,'2020-09-12 15:09:16.561223','2020-06-17 18:23:00.678000','2020-09-12 15:09:16.561224',NULL,'',NULL,0,'Load trello changes',17407.9,'https://trello.com/c/uJl2pNRV','5eab97395c130f4aba517da0','5eb26be627ed053574cd1893'),('5eb27c00a4bb18317309dda1',NULL,1,'2020-09-12 15:09:16.600395','2020-08-18 16:58:23.487000','2020-09-12 15:09:16.600396',NULL,'',NULL,0,'Tracking student contribution',47871.7,'https://trello.com/c/3jNXq1Td','5eab97395c130f4aba517da0','5eb26be627ed053574cd1893'),('5eb27d10a1df845b02bbcc63',NULL,1,'2020-09-12 15:09:16.593083','2020-08-18 16:58:27.960000','2020-09-12 15:09:16.593084',NULL,'',NULL,0,'Display contributions data',45695.7,'https://trello.com/c/dqiysTN3','5eab97395c130f4aba517da0','5eb26be627ed053574cd1893'),('5ec919e66ad5594aef1549fc',NULL,1,'2020-09-12 15:09:16.702613','2020-05-23 22:42:00.747000','2020-09-12 15:09:16.702614',NULL,'',NULL,0,'Tech Report: How to Communicate',884735,'https://trello.com/c/aNT55csF','5eab97395c130f4aba517da0','5eb26be627ed053574cd1893'),('5ec91a2d3531a48f6a5ea96c',NULL,1,'2020-09-12 15:09:16.711742','2020-05-23 22:42:48.253000','2020-09-12 15:09:16.711742',NULL,'',NULL,0,'Tech Report: Error and Failure Handling',950271,'https://trello.com/c/uHq4TRqD','5eab97395c130f4aba517da0','5eb26be627ed053574cd1893'),('5ec91a5c2e14dd3bce4c67d1',NULL,1,'2020-09-12 15:09:16.720649','2020-05-23 22:43:58.502000','2020-09-12 15:09:16.720650',NULL,'',NULL,0,'Tech Report: Monitoring Services',1015810,'https://trello.com/c/kzMOBqla','5eab97395c130f4aba517da0','5eb26be627ed053574cd1893'),('5ec91a6441f59b8314a4f96e',NULL,1,'2020-09-12 15:09:16.729482','2020-05-23 22:43:53.708000','2020-09-12 15:09:16.729483',NULL,'',NULL,0,'Tech Report: Security in Communication',1081340,'https://trello.com/c/1TOposgs','5eab97395c130f4aba517da0','5eb26be627ed053574cd1893'),('5ec91a80cd0b694ae441ae7a',NULL,1,'2020-09-12 15:09:16.737174','2020-05-23 22:43:49.239000','2020-09-12 15:09:16.737175',NULL,'',NULL,0,'Tech Report: Testing without Components',1146880,'https://trello.com/c/9tLcLZWL','5eab97395c130f4aba517da0','5eb26be627ed053574cd1893'),('5ec91a9bf3137d49e8aedacf',NULL,1,'2020-09-12 15:09:16.744339','2020-05-23 22:44:15.461000','2020-09-12 15:09:16.744340',NULL,'',NULL,0,'Tech Report: Group Video',1212420,'https://trello.com/c/cAsiVkcK','5eab97395c130f4aba517da0','5eb26be627ed053574cd1893'),('5eca568003690285bc3f4592',NULL,1,'2020-09-12 15:09:16.670315','2020-06-17 18:22:20.445000','2020-09-12 15:09:16.670316',NULL,'',NULL,0,'Make Node.js frontend',94207.4,'https://trello.com/c/Z2OXyeGW','5eab97395c130f4aba517da0','5eb26be627ed053574cd1893'),('5ede201ec95b847f1c113edc',NULL,1,'2020-09-12 15:09:16.652395','2020-06-17 18:22:11.653000','2020-09-12 15:09:16.652396','{emoji={}}','Implementing a local database (with dummy information).\n\nThe DB will be a MySQL DB containing the planned schemas.',NULL,0,'Implementing Database',69631.6,'https://trello.com/c/wtR6BEnS','5eab97395c130f4aba517da0','5eb26be627ed053574cd1893'),('5ee0bdf0af83f91753c425d6',NULL,1,'2020-09-12 16:46:12.076036','2020-06-10 23:00:58.343000','2020-09-12 16:46:12.076037',NULL,'',NULL,0,'testcard',65535,'https://trello.com/c/oBSRMH5I','5ee0bd5e35ede70ba51fa59a','5ee0bd5e35ede70ba51fa59b'),('5ee49831dc9e0a1b45b00be2',NULL,1,'2020-09-12 16:46:12.082192','2020-06-13 20:17:14.039000','2020-09-12 16:46:12.082193',NULL,'',NULL,0,'test',65535,'https://trello.com/c/Iu77cX8F','5ee0bd5e35ede70ba51fa59a','5ee4982f6ac94b594c3aea0a'),('5ee62edcc422bc43255f6942',NULL,1,'2020-09-13 12:52:57.080511','2020-06-15 18:41:39.915000','2020-09-13 12:52:57.080512','{emoji={}}','Three',NULL,0,'one',367615,'https://trello.com/c/262lkQxS','58d89302cd53f765b45d1f3a','58d89302cd53f765b45d1f3c'),('5ee6356df0893150ae76ea08',NULL,1,'2020-09-13 12:52:57.118188','2020-06-15 00:34:21.876000','2020-09-13 12:52:57.118189',NULL,'',NULL,0,'newCard',65535,'https://trello.com/c/4M1FeZ3o','58d89302cd53f765b45d1f3a','5ee635696ac94b594c623837'),('5ee7d560904e87427e0a146f',NULL,1,'2020-09-12 15:10:16.082104','2020-09-12 15:06:59.671000','2020-09-12 15:10:16.082105',NULL,'hewdfkuhjyaeshdfjuswehbdj\n','2020-06-25 02:00:00.000000',0,'Mastering Trello Cards',498687,'https://trello.com/c/gt6UJ8di','5ee7d560904e87427e0a1464','5f5c5762e82773415a6b7043'),('5ee7d560904e87427e0a1470',NULL,1,'2020-09-12 15:10:16.105567','2020-09-12 15:07:05.896000','2020-09-12 15:10:16.105568',NULL,'efsef\n',NULL,0,'Create Your First Board',385023,'https://trello.com/c/UTRAFwn0','5ee7d560904e87427e0a1464','5ee7d560904e87427e0a1468'),('5ee7d560904e87427e0a1477',NULL,1,'2020-09-12 15:10:16.099597','2020-09-12 15:07:05.979000','2020-09-12 15:10:16.099598',NULL,'',NULL,0,'This is a card. Drag it to the \"Tried It\" List to show it\'s done. â†’',376831,'https://trello.com/c/7AQzVT0A','5ee7d560904e87427e0a1464','5ee7d560904e87427e0a1468'),('5ee7d560904e87427e0a1479',NULL,1,'2020-09-12 15:10:16.075117','2020-09-12 15:06:27.283000','2020-09-12 15:10:16.075117',NULL,'###Three Trello Basics: \n\n**1. Boards**: organize a project or just about anything.\n**2. Lists**: are super flexible, but often steps like *\"To Do, Doing, and Done\"*.\n**3. Cards**: represent tasks or store information. \n\n\nWatch this short video to learn more: \n\n[![](https://trello-attachments.s3.amazonaws.com/571936e84bb334420cce0df1/57bdde964803b5a2d3d17f8e/9523b90931678530ec2775ebbdc124d8/this_is_a_trello_board_with_lists_and_cards.jpg)](https://trello.wistia.com/medias/n5tpbc6uo1)\n----\n\n--- \n\nYou\'re inside the *Tutorial (Start Here!)* **board** right now. \n\nYou\'re reading a **card** called *The Trello Basics*.\n\nEverything in this *Stuff to Try* **list** is a **card**. \n\nYou can add as many **lists** and **cards** to a **board** as you want.\n\n----- \n\n\n**Click** the \"X\" in the **top right corner** of this **card** to close the card and **drag it** over to the *\"Tried It\"* **list** because you\'re all done! ðŸŽ‰',NULL,0,'newName',433151,'https://trello.com/c/3oxxcHjQ','5ee7d560904e87427e0a1464','5f5c575151fbec713428deb7'),('5ee7d560904e87427e0a147d',NULL,1,'2020-09-12 15:10:16.093116','2020-09-12 15:07:05.866000','2020-09-12 15:10:16.093117',NULL,'###Trello is a flexible platform for your whole [team](http://help.trello.com/article/927-what-are-teams) to collaborate and get stuff done. \n\n\n- **Power-Ups** turn Trello boards into living applications, with additional features & integrations from the apps you love! trello.com/power-ups :rocket:\n\n![](https://trello-attachments.s3.amazonaws.com/57c71ac1247e638ba40f3979/600x300/0c916c343233dc8456fbe31aedbfef1d/Power-Up_Scroll_50.gif)\n\n- Bit of a tech wiz? Use our open API to build your own integrations: developers.trello.com\n\n- Also, check out these browser extensions and add-ons: trello.com/integrations',NULL,0,'Power-Ups, Integrations, APIs, oh my!',364543,'https://trello.com/c/XTcPButJ','5ee7d560904e87427e0a1464','5ee7d560904e87427e0a1468'),('5ee7d560904e87427e0a147f',NULL,1,'2020-09-12 15:10:16.110862','2020-09-12 15:07:06.335000','2020-09-12 15:10:16.110863',NULL,'- Visit the **[Trello Guide](https://trello.com/guide)** to get started, get inspired, and learn more.\n\n- The **[Trello Blog](https://blog.trello.com)** has regular updates, productivity tips, and workflows. \n\n- Download Trello for **[iOS](https://itunes.apple.com/app/trello-organize-anything/id461504587)** and **[Android](https://play.google.com/store/apps/details?id=com.trello)** to stay in sync when you\'re on the go. \n\n- Become a Trello productivity pro! **[Join a free webinar.](https://trello.com/webinars?utm_source=trello&utm_medium=welcome_board&utm_campaign=webinars\n)** \n\n- Questions? Visit **help.trello.com**. Or **[contact us](https://trello.com/contact)**. We\'re happy to help! ðŸ˜Ž\n\n',NULL,0,'Help, Pro Tips, Webinars & More',393215,'https://trello.com/c/2nj2knFr','5ee7d560904e87427e0a1464','5ee7d560904e87427e0a1468'),('5ee7d560904e87427e0a1481',NULL,1,'2020-09-12 15:10:16.063761','2020-06-16 06:09:04.591000','2020-09-12 15:10:16.063762',NULL,'Three',NULL,0,'one',367615,'https://trello.com/c/G3ZsM4Bt','5ee7d560904e87427e0a1464','5ee7d560904e87427e0a1466'),('5ee7d560904e87427e0a1483',NULL,1,'2020-09-12 15:10:16.088016','2020-06-16 06:09:04.575000','2020-09-12 15:10:16.088016',NULL,'',NULL,0,'newCard',65535,'https://trello.com/c/SYjY5o45','5ee7d560904e87427e0a1464','5ee7d560904e87427e0a1468'),('5f3b7c2c87480942d5d28875',NULL,1,'2020-09-12 15:09:16.411879','2020-08-25 21:19:08.154000','2020-09-12 15:09:16.411880','{emoji={}}','Dates like sprint start, end standups etc are present in the reminders',NULL,0,'As a user, I want to see when important dates for agile are',393215,'https://trello.com/c/iGbcyN69','5eab97395c130f4aba517da0','5ede1fe014b2b8325c08a4cc'),('5f3b7c2f3e99148536ef894c',NULL,1,'2020-09-12 15:09:16.419542','2020-08-25 21:19:11.436000','2020-09-12 15:09:16.419543','{emoji={}}','Dates like demos, delivery deadlines are in the reminders',NULL,0,'As a user, I want to be able to see deadlines for the project.',458751,'https://trello.com/c/fUsTxTW3','5eab97395c130f4aba517da0','5ede1fe014b2b8325c08a4cc'),('5f3b7c31763a391dbde72d61',NULL,1,'2020-09-12 15:09:16.426932','2020-08-25 21:19:14.514000','2020-09-12 15:09:16.426933','{emoji={}}','Visual signal corresponding with reminder',NULL,0,'As a user, I want to be visually notified when a reminder is near',524287,'https://trello.com/c/rQFN1FiO','5eab97395c130f4aba517da0','5ede1fe014b2b8325c08a4cc'),('5f3b7c37245d033d5c658f34',NULL,1,'2020-09-12 15:09:16.436064','2020-08-25 21:19:18.888000','2020-09-12 15:09:16.436066','{emoji={}}','Dates like assignment due dates are in the reminders',NULL,0,'As a user, I want to see when important academic dates are',589823,'https://trello.com/c/ED6A96eM','5eab97395c130f4aba517da0','5ede1fe014b2b8325c08a4cc'),('5f3b7c4dbdbd9d24edabfbbb',NULL,1,'2020-09-12 15:09:16.484182','2020-08-25 21:19:03.671000','2020-09-12 15:09:16.484184','{emoji={}}','A date can be selected, and the board displayed @ that point in time\n',NULL,0,'As a user, I want to see the state of a trello board in the past',655359,'https://trello.com/c/AkxiP8oH','5eab97395c130f4aba517da0','5eb26be305dd244c1f57124f'),('5f3b7defdc606706342ef58c',NULL,1,'2020-09-12 15:09:16.493239','2020-08-25 21:10:13.688000','2020-09-12 15:09:16.493240',NULL,'',NULL,0,'Refactoring and cleanup of existing code.',720895,'https://trello.com/c/IcrhPWlY','5eab97395c130f4aba517da0','5f3b7bf028cb673d1fa1adde'),('5f44f3774545ec4db67cdee8',NULL,1,'2020-09-12 15:09:16.443493','2020-08-25 21:19:23.658000','2020-09-12 15:09:16.443493',NULL,'',NULL,0,'As a user, I want to see how the board has changed over time',655359,'https://trello.com/c/WZhbF6Z4','5eab97395c130f4aba517da0','5ede1fe014b2b8325c08a4cc'),('5f44f3816128130bc35ddb2f',NULL,1,'2020-09-12 15:09:16.464469','2020-08-25 21:19:16.812000','2020-09-12 15:09:16.464471',NULL,'',NULL,0,'As a user, I want to see a log of all the trello changes done',720895,'https://trello.com/c/MaewcK7w','5eab97395c130f4aba517da0','5ede1fe014b2b8325c08a4cc'),('5f44f61fe741874e300aa24a',NULL,1,'2020-09-12 15:09:16.524667','2020-09-08 17:25:13.655000','2020-09-12 15:09:16.524669',NULL,'',NULL,0,'Pick and write a section for one issue',1245180,'https://trello.com/c/224qSyCc','5eab97395c130f4aba517da0','5f3b7bf028cb673d1fa1adde'),('5f44f6d114bdf3313de6ac0c',NULL,1,'2020-09-12 15:09:16.534694','2020-09-08 17:25:19.430000','2020-09-12 15:09:16.534696',NULL,'',NULL,0,'Executive summary',1277950,'https://trello.com/c/jpecd74D','5eab97395c130f4aba517da0','5f3b7bf028cb673d1fa1adde'),('5f44f6ebac1e0e362bf3df57',NULL,1,'2020-09-12 15:09:16.551736','2020-09-08 17:25:17.640000','2020-09-12 15:09:16.551737',NULL,'',NULL,0,'Scope of Report',1376260,'https://trello.com/c/qXud7Oag','5eab97395c130f4aba517da0','5f3b7bf028cb673d1fa1adde'),('5f44f74721e2c981501ff3e6',NULL,1,'2020-09-12 15:09:16.513750','2020-09-02 22:49:47.488000','2020-09-12 15:09:16.513752',NULL,'',NULL,0,'Editing of the report',1179650,'https://trello.com/c/sgiKZD1W','5eab97395c130f4aba517da0','5f3b7bf028cb673d1fa1adde'),('5f44f75a7ec97386f04412bd',NULL,1,'2020-09-12 15:09:16.544520','2020-09-08 17:25:16.585000','2020-09-12 15:09:16.544520',NULL,'',NULL,0,'Analyse if the issues will affect delivery',1310720,'https://trello.com/c/VCLWK69a','5eab97395c130f4aba517da0','5f3b7bf028cb673d1fa1adde'),('5f44f76e6dc99f490c60731e',NULL,1,'2020-09-12 15:09:16.502615','2020-09-08 17:25:20.228000','2020-09-12 15:09:16.502617',NULL,'',NULL,0,'List key types of information',1114110,'https://trello.com/c/RbaKq3ML','5eab97395c130f4aba517da0','5f3b7bf028cb673d1fa1adde'),('5f5c575f6ed44a78c95e25ec',NULL,1,'2020-09-12 15:10:16.118132','2020-09-12 15:06:39.383000','2020-09-12 15:10:16.118133',NULL,'',NULL,0,'bluh\'',65535,'https://trello.com/c/vsOkrPtW','5ee7d560904e87427e0a1464','5f5c575cd155993b6f023802'),('5f5c5765f92c79154ebbe37e',NULL,1,'2020-09-12 15:10:16.068645','2020-09-12 15:06:57.692000','2020-09-12 15:10:16.068646',NULL,'',NULL,0,'blah',65535,'https://trello.com/c/XVOBWDYT','5ee7d560904e87427e0a1464','5f5c57638ae0615ed283f1b7'),('5f5c576968648a20290b890d',NULL,1,'2020-09-12 15:10:16.055375','2020-09-12 15:06:56.792000','2020-09-12 15:10:16.055375',NULL,'',NULL,0,'baz',65535,'https://trello.com/c/LlGrfgVk','5ee7d560904e87427e0a1464','5ee7d560904e87427e0a1467');
/*!40000 ALTER TABLE `card` ENABLE KEYS */;
UNLOCK TABLES;

--
-- Table structure for table `card_label`
--

DROP TABLE IF EXISTS `card_label`;
/*!40101 SET @saved_cs_client     = @@character_set_client */;
/*!50503 SET character_set_client = utf8mb4 */;
CREATE TABLE `card_label` (
  `id` int NOT NULL,
  `date_created` datetime(6) DEFAULT NULL,
  `date_last_modified` datetime(6) DEFAULT NULL,
  `id_card` varchar(255) NOT NULL,
  `id_label` varchar(255) NOT NULL,
  PRIMARY KEY (`id`),
  KEY `FKhxungrqgjrse527b9wfmi791t` (`id_card`),
  KEY `FKib44a8tovhtwsuc7cxsl22ope` (`id_label`),
  CONSTRAINT `FKhxungrqgjrse527b9wfmi791t` FOREIGN KEY (`id_card`) REFERENCES `card` (`id`),
  CONSTRAINT `FKib44a8tovhtwsuc7cxsl22ope` FOREIGN KEY (`id_label`) REFERENCES `label` (`id`)
) ENGINE=InnoDB DEFAULT CHARSET=utf8mb4 COLLATE=utf8mb4_0900_ai_ci;
/*!40101 SET character_set_client = @saved_cs_client */;

--
-- Dumping data for table `card_label`
--

LOCK TABLES `card_label` WRITE;
/*!40000 ALTER TABLE `card_label` DISABLE KEYS */;
INSERT INTO `card_label` VALUES (3,'2020-06-15 20:09:17.321641','2020-06-15 20:09:17.321646','5ee7d560904e87427e0a1477','5ee7d560904e87427e0a1485'),(4,'2020-06-15 20:09:17.335691','2020-06-15 20:09:17.335695','5ee7d560904e87427e0a146f','5ee7d560904e87427e0a1485'),(6,'2020-09-12 15:04:14.762747','2020-09-12 15:04:14.762750','58d89302cd53f765b45d1f3f','58d89302cd53f765b45d1f4b'),(7,'2020-09-12 15:04:14.785769','2020-09-12 15:04:14.785772','58d89302cd53f765b45d1f49','58d89302cd53f765b45d1f4b'),(11,'2020-09-12 15:04:50.400893','2020-09-12 15:04:50.400895','5c1eb9a854388516a4f01b80','5c1dceef91d0c2ddc57b692b'),(68,'2020-09-12 15:05:52.284223','2020-09-12 15:05:52.284224','5ee7d560904e87427e0a1477','5ee7d560904e87427e0a1485'),(69,'2020-09-12 15:05:52.291702','2020-09-12 15:05:52.291704','5ee7d560904e87427e0a146f','5ee7d560904e87427e0a1485'),(71,'2020-09-12 15:08:43.437347','2020-09-12 15:08:43.437351','58d89302cd53f765b45d1f3f','58d89302cd53f765b45d1f4b'),(72,'2020-09-12 15:08:43.460143','2020-09-12 15:08:43.460147','58d89302cd53f765b45d1f49','58d89302cd53f765b45d1f4b'),(81,'2020-09-12 15:09:16.810798','2020-09-12 15:09:16.810799','5f3b7c2c87480942d5d28875','5eab97397669b22549c794ec'),(82,'2020-09-12 15:09:16.820584','2020-09-12 15:09:16.820586','5f3b7c2f3e99148536ef894c','5eab97397669b22549c794ec'),(83,'2020-09-12 15:09:16.831233','2020-09-12 15:09:16.831235','5f3b7c31763a391dbde72d61','5eab97397669b22549c794ec'),(84,'2020-09-12 15:09:16.843054','2020-09-12 15:09:16.843056','5f3b7c37245d033d5c658f34','5eab97397669b22549c794ec'),(85,'2020-09-12 15:09:16.851498','2020-09-12 15:09:16.851499','5f44f3774545ec4db67cdee8','5eab97397669b22549c794ef'),(86,'2020-09-12 15:09:16.860858','2020-09-12 15:09:16.860860','5f44f3816128130bc35ddb2f','5eab97397669b22549c794ef'),(87,'2020-09-12 15:09:16.873565','2020-09-12 15:09:16.873566','5f3b7c4dbdbd9d24edabfbbb','5eab97397669b22549c794ec'),(88,'2020-09-12 15:09:16.884927','2020-09-12 15:09:16.884928','5f3b7c4dbdbd9d24edabfbbb','5eab97397669b22549c794ef'),(89,'2020-09-12 15:09:16.895051','2020-09-12 15:09:16.895053','5f44f61fe741874e300aa24a','5eab97397669b22549c794f3'),(90,'2020-09-12 15:09:16.907136','2020-09-12 15:09:16.907138','5eb271bf2c193359dd63589e','5eab97397669b22549c794ef'),(91,'2020-09-12 15:09:16.919269','2020-09-12 15:09:16.919271','5eb271bf2c193359dd63589e','5eab97397669b22549c794ed'),(92,'2020-09-12 15:09:16.928026','2020-09-12 15:09:16.928027','5eb27d10a1df845b02bbcc63','5eab97397669b22549c794ef'),(93,'2020-09-12 15:09:16.936967','2020-09-12 15:09:16.936969','5eb27d10a1df845b02bbcc63','5eab97397669b22549c794ed'),(94,'2020-09-12 15:09:16.948003','2020-09-12 15:09:16.948004','5eb27c00a4bb18317309dda1','5eab97397669b22549c794ec'),(95,'2020-09-12 15:09:16.959297','2020-09-12 15:09:16.959299','5eb27c00a4bb18317309dda1','5eab97397669b22549c794f3'),(96,'2020-09-12 15:09:16.971090','2020-09-12 15:09:16.971092','5eb273cbd413da537e5e942f','5eab97397669b22549c794ec'),(97,'2020-09-12 15:09:16.982134','2020-09-12 15:09:16.982136','5eb271805d843561fc60b774','5eab97397669b22549c794ec'),(98,'2020-09-12 15:09:16.995115','2020-09-12 15:09:16.995117','5ede201ec95b847f1c113edc','5eab97397669b22549c794ec'),(99,'2020-09-12 15:09:17.006269','2020-09-12 15:09:17.006270','5eb2710eaa8dab28016ac618','5eab97397669b22549c794ec'),(100,'2020-09-12 15:09:17.016331','2020-09-12 15:09:17.016333','5eb26fae4e1c4b49ff80cecc','5eab97397669b22549c794ec'),(101,'2020-09-12 15:09:17.026357','2020-09-12 15:09:17.026358','5eb2741de881f748a7607471','5eab97397669b22549c794ec'),(161,'2020-09-12 15:10:16.162460','2020-09-12 15:10:16.162462','5ee7d560904e87427e0a146f','5ee7d560904e87427e0a1485'),(162,'2020-09-12 15:10:16.170333','2020-09-12 15:10:16.170335','5ee7d560904e87427e0a1477','5ee7d560904e87427e0a1485'),(164,'2020-09-12 16:46:12.096123','2020-09-12 16:46:12.096125','5ee49831dc9e0a1b45b00be2','5ee4983b08919407976289f1'),(167,'2020-09-13 00:02:05.854442','2020-09-13 00:02:05.854443','5b9b217dd55c268376365e8d','5b9b100cca1728134ee88b27'),(168,'2020-09-13 00:02:05.872805','2020-09-13 00:02:05.872807','5b9b217dd55c268376365e8d','5b9b100cca1728134ee88b2a'),(169,'2020-09-13 00:02:05.884576','2020-09-13 00:02:05.884578','5b9b217dd55c268376365e8d','5b9b100cca1728134ee88b24'),(170,'2020-09-13 00:02:05.895888','2020-09-13 00:02:05.895889','5b9b2195b1d4644d7e999fc7','5b9b100cca1728134ee88b27'),(171,'2020-09-13 00:02:05.906854','2020-09-13 00:02:05.906855','5b9b2195b1d4644d7e999fc7','5b9b100cca1728134ee88b2a'),(172,'2020-09-13 00:02:05.919312','2020-09-13 00:02:05.919314','5b9b2195b1d4644d7e999fc7','5b9b100cca1728134ee88b23'),(173,'2020-09-13 00:02:05.929889','2020-09-13 00:02:05.929890','5ba12cc1566f1d45a889bc05','5b9b100cca1728134ee88b24'),(174,'2020-09-13 00:02:05.943160','2020-09-13 00:02:05.943162','5ba12cc1566f1d45a889bc05','5b9b100cca1728134ee88b25'),(175,'2020-09-13 00:02:05.955942','2020-09-13 00:02:05.955943','5ba12d5f52137937707f822b','5b9b100cca1728134ee88b24'),(176,'2020-09-13 00:02:05.966994','2020-09-13 00:02:05.966995','5ba12e0d6000632fb2d0457e','5b9b100cca1728134ee88b24'),(177,'2020-09-13 00:02:05.980697','2020-09-13 00:02:05.980698','5ba12e0d6000632fb2d0457e','5b9b100cca1728134ee88b25'),(178,'2020-09-13 00:02:05.991771','2020-09-13 00:02:05.991772','5ba12e460fa07c6580112897','5b9b100cca1728134ee88b2a'),(179,'2020-09-13 00:02:06.004380','2020-09-13 00:02:06.004382','5ba12e460fa07c6580112897','5b9b100cca1728134ee88b24'),(180,'2020-09-13 00:02:06.016290','2020-09-13 00:02:06.016292','5ba1300c4a64cf69594a2457','5b9b100cca1728134ee88b24'),(181,'2020-09-13 00:02:06.027018','2020-09-13 00:02:06.027019','5b9e8a5ec0504c1d6e02ab4e','5b9b100cca1728134ee88b23'),(182,'2020-09-13 00:02:06.037798','2020-09-13 00:02:06.037800','59eea817882fc3df3d9a24af','5b9b100cca1728134ee88b23'),(183,'2020-09-13 00:02:06.051021','2020-09-13 00:02:06.051023','59eea817882fc3df3d9a24af','5b9b100cca1728134ee88b2b'),(184,'2020-09-13 00:02:06.061387','2020-09-13 00:02:06.061388','5b9f483e054aab25d2e8e3e6','5b9b100cca1728134ee88b29'),(185,'2020-09-13 00:02:06.072076','2020-09-13 00:02:06.072077','5b9f483e054aab25d2e8e3e6','5b9b100cca1728134ee88b24'),(186,'2020-09-13 00:02:06.083666','2020-09-13 00:02:06.083668','5b9f483e054aab25d2e8e3e6','5b9b100cca1728134ee88b2a'),(187,'2020-09-13 00:02:06.097210','2020-09-13 00:02:06.097212','5b9f483e054aab25d2e8e3e6','5b9b100cca1728134ee88b27'),(188,'2020-09-13 00:02:06.110988','2020-09-13 00:02:06.110989','5b9ec386fd71a075d05b1c8d','5b9b100cca1728134ee88b29'),(189,'2020-09-13 00:02:06.120747','2020-09-13 00:02:06.120749','5b9ec386fd71a075d05b1c8d','5b9b100cca1728134ee88b2b'),(190,'2020-09-13 00:02:06.134874','2020-09-13 00:02:06.134876','5b9ef572ade870751753ea28','5b9b100cca1728134ee88b23'),(191,'2020-09-13 00:02:06.145855','2020-09-13 00:02:06.145856','5b9ef572ade870751753ea28','5b9b100cca1728134ee88b2b'),(192,'2020-09-13 00:02:06.156190','2020-09-13 00:02:06.156192','59f89e063f4410abebb99c31','5b9b100cca1728134ee88b23'),(193,'2020-09-13 00:02:06.166483','2020-09-13 00:02:06.166484','59f89e063f4410abebb99c31','5b9b100cca1728134ee88b25'),(194,'2020-09-13 00:02:06.176892','2020-09-13 00:02:06.176893','5b9eff39213e8565a7d90f93','5b9b100cca1728134ee88b23'),(195,'2020-09-13 00:02:06.187347','2020-09-13 00:02:06.187348','5b9eff39213e8565a7d90f93','5b9b100cca1728134ee88b2a'),(196,'2020-09-13 00:02:06.195785','2020-09-13 00:02:06.195786','5b9b108266824a3226f0ac12','5b9b100cca1728134ee88b23'),(197,'2020-09-13 00:02:06.204185','2020-09-13 00:02:06.204186','5b9b108ae23e8c816c6a42f6','5b9b100cca1728134ee88b29'),(198,'2020-09-13 00:02:06.213290','2020-09-13 00:02:06.213292','5b9b1095f802330d04a60140','5b9b100cca1728134ee88b24'),(199,'2020-09-13 00:02:06.224849','2020-09-13 00:02:06.224850','5bcc842735cffb2064e76c87','5b9b100cca1728134ee88b23'),(200,'2020-09-13 00:02:06.235334','2020-09-13 00:02:06.235336','5bcc842735cffb2064e76c87','5b9b100cca1728134ee88b24'),(201,'2020-09-13 00:02:06.247336','2020-09-13 00:02:06.247337','5bcc842735cffb2064e76c87','5b9b100cca1728134ee88b29'),(202,'2020-09-13 00:02:06.256425','2020-09-13 00:02:06.256426','5bcc842735cffb2064e76c87','5b9b100cca1728134ee88b2a'),(203,'2020-09-13 00:02:06.268035','2020-09-13 00:02:06.268037','5a047ba7d4692dd95ea37b16','5b9b100cca1728134ee88b2a'),(204,'2020-09-13 00:02:06.279909','2020-09-13 00:02:06.279911','5a047ba7d4692dd95ea37b16','5b9b100cca1728134ee88b23'),(205,'2020-09-13 00:02:06.292815','2020-09-13 00:02:06.292816','5a008715d41fea7451962864','5b9b100cca1728134ee88b2a'),(206,'2020-09-13 00:02:06.304908','2020-09-13 00:02:06.304910','5a008715d41fea7451962864','5b9b100cca1728134ee88b23'),(207,'2020-09-13 00:02:06.315413','2020-09-13 00:02:06.315414','5bc4f5a8d78ab3606ab1c894','5b9b100cca1728134ee88b23'),(208,'2020-09-13 00:02:06.325421','2020-09-13 00:02:06.325422','5bc4f5a8d78ab3606ab1c894','5b9b100cca1728134ee88b2a'),(209,'2020-09-13 00:02:06.334620','2020-09-13 00:02:06.334621','5bc4f5a8d78ab3606ab1c894','5b9b100cca1728134ee88b26'),(210,'2020-09-13 00:02:06.343521','2020-09-13 00:02:06.343522','59ee7b698fa997f86e13e6a7','5b9b100cca1728134ee88b29'),(211,'2020-09-13 00:02:06.353532','2020-09-13 00:02:06.353534','59ee7b698fa997f86e13e6a7','5b9b100cca1728134ee88b27'),(212,'2020-09-13 00:02:06.366281','2020-09-13 00:02:06.366282','59ee7b698fa997f86e13e6a7','5b9b100cca1728134ee88b2a'),(213,'2020-09-13 00:02:06.378777','2020-09-13 00:02:06.378778','59ee7f07d4ae8009830d0cac','5b9b100cca1728134ee88b29'),(214,'2020-09-13 00:02:06.391382','2020-09-13 00:02:06.391383','59ee7f07d4ae8009830d0cac','5b9b100cca1728134ee88b27'),(215,'2020-09-13 00:02:06.403950','2020-09-13 00:02:06.403952','59ee7f07d4ae8009830d0cac','5b9b100cca1728134ee88b2a'),(216,'2020-09-13 00:02:06.414686','2020-09-13 00:02:06.414687','59ee7fcb4b90ea8f4e8a8ec0','5b9b100cca1728134ee88b29'),(217,'2020-09-13 00:02:06.424889','2020-09-13 00:02:06.424890','59ee7fcb4b90ea8f4e8a8ec0','5b9b100cca1728134ee88b27'),(218,'2020-09-13 00:02:06.434984','2020-09-13 00:02:06.434986','59ee7fcb4b90ea8f4e8a8ec0','5b9b100cca1728134ee88b2a'),(219,'2020-09-13 00:02:06.447966','2020-09-13 00:02:06.447968','59ee80b1face1da288c3410b','5b9b100cca1728134ee88b29'),(220,'2020-09-13 00:02:06.458999','2020-09-13 00:02:06.459000','59ee80b1face1da288c3410b','5b9b100cca1728134ee88b27'),(221,'2020-09-13 00:02:06.472187','2020-09-13 00:02:06.472188','59ee80b1face1da288c3410b','5b9b100cca1728134ee88b2a'),(222,'2020-09-13 00:02:06.482830','2020-09-13 00:02:06.482832','5bb3b9488d0dad39b9c19a25','5b9b100cca1728134ee88b27'),(223,'2020-09-13 00:02:06.494735','2020-09-13 00:02:06.494737','5bb3b9488d0dad39b9c19a25','5b9b100cca1728134ee88b23'),(224,'2020-09-13 00:02:06.506183','2020-09-13 00:02:06.506184','5bb3b9488d0dad39b9c19a25','5b9b100cca1728134ee88b2a'),(225,'2020-09-13 00:02:06.518205','2020-09-13 00:02:06.518206','5bbf96bf381320690a3d8494','5b9b100cca1728134ee88b23'),(226,'2020-09-13 00:02:06.530673','2020-09-13 00:02:06.530674','5bbf96bf381320690a3d8494','5b9b100cca1728134ee88b27'),(227,'2020-09-13 00:02:06.540631','2020-09-13 00:02:06.540633','5bbf96bf381320690a3d8494','5b9b100cca1728134ee88b2a'),(228,'2020-09-13 00:02:06.553822','2020-09-13 00:02:06.553823','5bc4211f908f3058af6d3fe2','5b9b100cca1728134ee88b23'),(229,'2020-09-13 00:02:06.566826','2020-09-13 00:02:06.566827','5b9ea2c7734f9d423e86a97b','5b9b100cca1728134ee88b23'),(230,'2020-09-13 00:02:06.576299','2020-09-13 00:02:06.576301','5b9ea2c7734f9d423e86a97b','5b9b100cca1728134ee88b26'),(231,'2020-09-13 00:02:06.587770','2020-09-13 00:02:06.587772','5b9ee9bb1711791180e51817','5b9b100cca1728134ee88b23'),(232,'2020-09-13 00:02:06.599347','2020-09-13 00:02:06.599348','5b9ee9bb1711791180e51817','5b9b100cca1728134ee88b26'),(233,'2020-09-13 00:02:06.608248','2020-09-13 00:02:06.608249','5bb55af78dc29689e6a5c2b1','5b9b100cca1728134ee88b23'),(234,'2020-09-13 00:02:06.618388','2020-09-13 00:02:06.618390','5bb55af78dc29689e6a5c2b1','5b9b100cca1728134ee88b26'),(235,'2020-09-13 00:02:06.631203','2020-09-13 00:02:06.631204','5bbcf3b77afafc2cb004a597','5b9b100cca1728134ee88b26'),(236,'2020-09-13 00:02:06.641653','2020-09-13 00:02:06.641655','5bbcf3b77afafc2cb004a597','5b9b100cca1728134ee88b23'),(237,'2020-09-13 00:02:06.651372','2020-09-13 00:02:06.651373','5bb65c2a46e42a7a92b32d15','5b9b100cca1728134ee88b23'),(238,'2020-09-13 00:02:06.659532','2020-09-13 00:02:06.659533','59efb4085a6b13da522244da','5b9b100cca1728134ee88b23'),(239,'2020-09-13 00:02:06.669108','2020-09-13 00:02:06.669108','5bcd05483d7b812d345a6361','5b9b100cca1728134ee88b23'),(240,'2020-09-13 00:02:06.681727','2020-09-13 00:02:06.681729','5bcd05483d7b812d345a6361','5b9b100cca1728134ee88b25'),(241,'2020-09-13 00:02:06.690681','2020-09-13 00:02:06.690682','5bcd05483d7b812d345a6361','5b9b100cca1728134ee88b26'),(242,'2020-09-13 00:02:06.699325','2020-09-13 00:02:06.699326','5bcd69a30b52191d1071f3ec','5b9b100cca1728134ee88b2a'),(243,'2020-09-13 00:02:06.707945','2020-09-13 00:02:06.707946','5bcd69a30b52191d1071f3ec','5b9b100cca1728134ee88b23'),(244,'2020-09-13 00:02:06.716611','2020-09-13 00:02:06.716612','5bb1162c641aec0e53f86656','5b9b100cca1728134ee88b27'),(245,'2020-09-13 00:02:06.726153','2020-09-13 00:02:06.726154','5bb1162c641aec0e53f86656','5b9b100cca1728134ee88b23'),(246,'2020-09-13 00:02:06.735237','2020-09-13 00:02:06.735238','5bb1162c641aec0e53f86656','5b9b100cca1728134ee88b2a'),(247,'2020-09-13 00:02:06.743971','2020-09-13 00:02:06.743973','59eeb558da586e215c9c0c58','5b9b100cca1728134ee88b23'),(248,'2020-09-13 00:02:06.753164','2020-09-13 00:02:06.753165','59eeb558da586e215c9c0c58','5b9b100cca1728134ee88b29'),(249,'2020-09-13 00:02:06.762492','2020-09-13 00:02:06.762493','59eeb558da586e215c9c0c58','5b9b100cca1728134ee88b2a'),(250,'2020-09-13 00:02:06.771085','2020-09-13 00:02:06.771086','59eeb558da586e215c9c0c58','5b9b100cca1728134ee88b26'),(251,'2020-09-13 00:02:06.779061','2020-09-13 00:02:06.779062','5b9e868de8f242483df5454d','5b9b100cca1728134ee88b23'),(252,'2020-09-13 00:02:06.787641','2020-09-13 00:02:06.787642','5b9e868de8f242483df5454d','5b9b100cca1728134ee88b29'),(253,'2020-09-13 00:02:06.797877','2020-09-13 00:02:06.797879','5b9e868de8f242483df5454d','5b9b100cca1728134ee88b2a'),(254,'2020-09-13 00:02:06.811453','2020-09-13 00:02:06.811453','5b9fb6e6b582cd8f10b4cc25','5b9b100cca1728134ee88b23'),(255,'2020-09-13 00:02:06.819972','2020-09-13 00:02:06.819973','5b9fb6e6b582cd8f10b4cc25','5b9b100cca1728134ee88b2a'),(256,'2020-09-13 00:02:06.828339','2020-09-13 00:02:06.828340','5bc4de18e1fafb84f5c9a24f','5b9b100cca1728134ee88b23'),(257,'2020-09-13 00:02:06.839819','2020-09-13 00:02:06.839822','5bc50c15ec2eb06c0543b3ba','5b9b100cca1728134ee88b23'),(258,'2020-09-13 00:02:06.847901','2020-09-13 00:02:06.847902','5bcc851c7969e47a63a0871e','5b9b100cca1728134ee88b23'),(259,'2020-09-13 00:02:06.855848','2020-09-13 00:02:06.855849','5bcc851c7969e47a63a0871e','5b9b100cca1728134ee88b2a'),(260,'2020-09-13 00:02:06.864893','2020-09-13 00:02:06.864894','5bcc851c7969e47a63a0871e','5b9b100cca1728134ee88b29'),(261,'2020-09-13 00:02:06.877289','2020-09-13 00:02:06.877291','59ef5c713a5f6ac3f9e6a353','5b9b100cca1728134ee88b23'),(262,'2020-09-13 00:02:06.888968','2020-09-13 00:02:06.888970','59ef5c713a5f6ac3f9e6a353','5b9b100cca1728134ee88b29'),(263,'2020-09-13 00:02:06.899628','2020-09-13 00:02:06.899629','5bc932761def9634b8405161','5b9b100cca1728134ee88b23'),(264,'2020-09-13 00:02:06.908017','2020-09-13 00:02:06.908018','5bc932761def9634b8405161','5b9b100cca1728134ee88b26'),(265,'2020-09-13 00:02:06.917817','2020-09-13 00:02:06.917818','5b9bf6084be8de784ba1be97','5b9b100cca1728134ee88b23'),(266,'2020-09-13 00:02:06.927240','2020-09-13 00:02:06.927241','5b9bf6084be8de784ba1be97','5b9b100cca1728134ee88b26'),(267,'2020-09-13 00:02:06.936061','2020-09-13 00:02:06.936062','59f89e1ffefa82f1077e869a','5b9b100cca1728134ee88b23'),(268,'2020-09-13 00:02:06.945728','2020-09-13 00:02:06.945729','59f89e1ffefa82f1077e869a','5b9b100cca1728134ee88b2a'),(269,'2020-09-13 00:02:06.958549','2020-09-13 00:02:06.958551','59f89e1ffefa82f1077e869a','5b9b100cca1728134ee88b26'),(270,'2020-09-13 00:02:06.967984','2020-09-13 00:02:06.967986','5bc43ebe35a6d1418fec762d','5b9b100cca1728134ee88b23'),(271,'2020-09-13 00:02:06.981350','2020-09-13 00:02:06.981352','5bc43ebe35a6d1418fec762d','5b9b100cca1728134ee88b2b'),(272,'2020-09-13 00:02:06.993996','2020-09-13 00:02:06.993998','5bc43ebe35a6d1418fec762d','5b9b100cca1728134ee88b26'),(273,'2020-09-13 00:02:07.004142','2020-09-13 00:02:07.004143','5bc43ed68d6a3a85b52f0f3e','5b9b100cca1728134ee88b23'),(274,'2020-09-13 00:02:07.015069','2020-09-13 00:02:07.015071','5bc43ed68d6a3a85b52f0f3e','5b9b100cca1728134ee88b2b'),(275,'2020-09-13 00:02:07.028277','2020-09-13 00:02:07.028278','5bc43ed68d6a3a85b52f0f3e','5b9b100cca1728134ee88b26'),(276,'2020-09-13 00:02:07.042286','2020-09-13 00:02:07.042288','5bcc7635e7f9f203492b7393','5b9b100cca1728134ee88b23'),(277,'2020-09-13 00:02:07.054516','2020-09-13 00:02:07.054517','5bcc7635e7f9f203492b7393','5b9b100cca1728134ee88b2a'),(278,'2020-09-13 00:02:07.065157','2020-09-13 00:02:07.065159','59ef5f40a528e1919364fedd','5b9b100cca1728134ee88b23'),(279,'2020-09-13 00:02:07.076245','2020-09-13 00:02:07.076247','59ef5f40a528e1919364fedd','5b9b100cca1728134ee88b27'),(280,'2020-09-13 00:02:07.088246','2020-09-13 00:02:07.088248','59ef5f40a528e1919364fedd','5b9b100cca1728134ee88b2a'),(281,'2020-09-13 00:02:07.102455','2020-09-13 00:02:07.102457','59ef5f40a528e1919364fedd','5b9b100cca1728134ee88b25'),(282,'2020-09-13 00:02:07.117308','2020-09-13 00:02:07.117309','5bcc86bce4356258082ae1e1','5b9b100cca1728134ee88b23'),(283,'2020-09-13 00:02:07.128625','2020-09-13 00:02:07.128627','5bcc86bce4356258082ae1e1','5b9b100cca1728134ee88b29'),(284,'2020-09-13 00:02:07.140201','2020-09-13 00:02:07.140202','5bcc86bce4356258082ae1e1','5b9b100cca1728134ee88b24'),(285,'2020-09-13 00:02:07.152004','2020-09-13 00:02:07.152005','5bcc86bce4356258082ae1e1','5b9b100cca1728134ee88b2a'),(286,'2020-09-13 00:02:07.162260','2020-09-13 00:02:07.162262','59eeb7fc4db5dbcca370e274','5b9b100cca1728134ee88b23'),(287,'2020-09-13 00:02:07.174360','2020-09-13 00:02:07.174361','59eeb8b80603c70e6c5f64e9','5b9b100cca1728134ee88b23'),(288,'2020-09-13 00:02:07.184637','2020-09-13 00:02:07.184638','5b9b14f26f716e4f380083cf','5b9b100cca1728134ee88b23'),(289,'2020-09-13 00:02:07.197684','2020-09-13 00:02:07.197686','5b9b14f26f716e4f380083cf','5b9b100cca1728134ee88b2a'),(290,'2020-09-13 00:02:07.210186','2020-09-13 00:02:07.210188','5a071ebe0f9119e7ea623c04','5b9b100cca1728134ee88b23'),(291,'2020-09-13 00:02:07.220360','2020-09-13 00:02:07.220361','5a071ebe0f9119e7ea623c04','5b9b100cca1728134ee88b2a'),(292,'2020-09-13 00:02:07.231583','2020-09-13 00:02:07.231585','5a071ebe0f9119e7ea623c04','5b9b100cca1728134ee88b26'),(293,'2020-09-13 00:02:07.244085','2020-09-13 00:02:07.244086','59ef5c5b77e54a2b00ae7977','5b9b100cca1728134ee88b23'),(294,'2020-09-13 00:02:07.254401','2020-09-13 00:02:07.254403','59ef5c5b77e54a2b00ae7977','5b9b100cca1728134ee88b27'),(295,'2020-09-13 00:02:07.267500','2020-09-13 00:02:07.267501','59ef5c5b77e54a2b00ae7977','5b9b100cca1728134ee88b26'),(296,'2020-09-13 00:02:07.277821','2020-09-13 00:02:07.277822','59eebbda767ba36eb8b83780','5b9b100cca1728134ee88b23'),(297,'2020-09-13 00:02:07.288420','2020-09-13 00:02:07.288422','59eebbda767ba36eb8b83780','5b9b100cca1728134ee88b27'),(298,'2020-09-13 00:02:07.302498','2020-09-13 00:02:07.302500','59eebbda767ba36eb8b83780','5b9b100cca1728134ee88b2a'),(299,'2020-09-13 00:02:07.312768','2020-09-13 00:02:07.312769','5bb396b91b70dc419eda850f','5b9b100cca1728134ee88b29'),(300,'2020-09-13 00:02:07.324132','2020-09-13 00:02:07.324134','5b9fb4268ea94e5a5ffc4bf9','5b9b100cca1728134ee88b23'),(301,'2020-09-13 00:02:07.336975','2020-09-13 00:02:07.336978','5b9fb4268ea94e5a5ffc4bf9','5b9b100cca1728134ee88b2a'),(302,'2020-09-13 00:02:07.347826','2020-09-13 00:02:07.347828','5b9fb4268ea94e5a5ffc4bf9','5b9b100cca1728134ee88b24'),(303,'2020-09-13 00:02:07.358154','2020-09-13 00:02:07.358156','5bcebb43eb62a259aaafcff7','5b9b100cca1728134ee88b2a'),(304,'2020-09-13 00:02:07.368630','2020-09-13 00:02:07.368632','5bcebb43eb62a259aaafcff7','5b9b100cca1728134ee88b23'),(305,'2020-09-13 00:02:07.383350','2020-09-13 00:02:07.383352','5bc0ab213e85d38d2df29e8c','5b9b100cca1728134ee88b24'),(306,'2020-09-13 00:02:07.393835','2020-09-13 00:02:07.393837','5bc0ab213e85d38d2df29e8c','5b9b100cca1728134ee88b25'),(307,'2020-09-13 00:02:07.403907','2020-09-13 00:02:07.403908','5bc0ab213e85d38d2df29e8c','5b9b100cca1728134ee88b26'),(308,'2020-09-13 00:02:07.414168','2020-09-13 00:02:07.414170','5bbf59b6e754d06b2fa4b6e8','5b9b100cca1728134ee88b2a'),(309,'2020-09-13 00:02:07.427237','2020-09-13 00:02:07.427239','5bbf59b6e754d06b2fa4b6e8','5b9b100cca1728134ee88b24'),(310,'2020-09-13 00:02:07.441183','2020-09-13 00:02:07.441185','5bbf59b6e754d06b2fa4b6e8','5b9b100cca1728134ee88b26'),(311,'2020-09-13 00:02:07.455478','2020-09-13 00:02:07.455479','5bcc783cd27955518b6580f2','5b9b100cca1728134ee88b23'),(312,'2020-09-13 00:02:07.469321','2020-09-13 00:02:07.469323','5bcc783cd27955518b6580f2','5b9b100cca1728134ee88b2a'),(313,'2020-09-13 00:02:07.482411','2020-09-13 00:02:07.482413','5bc24e9060e3e5314ceb6d40','5b9b100cca1728134ee88b26'),(314,'2020-09-13 00:02:07.494784','2020-09-13 00:02:07.494785','5bc24e9060e3e5314ceb6d40','5b9b100cca1728134ee88b23'),(315,'2020-09-13 00:02:07.503400','2020-09-13 00:02:07.503401','5bb92b495d738e13c7d9510b','5b9b100cca1728134ee88b29'),(316,'2020-09-13 00:02:07.514349','2020-09-13 00:02:07.514350','5bb92b495d738e13c7d9510b','5b9b100cca1728134ee88b23'),(317,'2020-09-13 00:02:07.523901','2020-09-13 00:02:07.523903','5bb92b495d738e13c7d9510b','5b9b100cca1728134ee88b26'),(318,'2020-09-13 00:02:07.534315','2020-09-13 00:02:07.534316','5bc4f9be944295152dd06d2e','5b9b100cca1728134ee88b23'),(319,'2020-09-13 00:02:07.547696','2020-09-13 00:02:07.547698','5bc4f9be944295152dd06d2e','5b9b100cca1728134ee88b25'),(320,'2020-09-13 00:02:07.557882','2020-09-13 00:02:07.557883','5bc43e35eaabb9743f196fb1','5b9b100cca1728134ee88b23'),(321,'2020-09-13 00:02:07.566861','2020-09-13 00:02:07.566862','5bc43e35eaabb9743f196fb1','5b9b100cca1728134ee88b2b'),(322,'2020-09-13 00:02:07.575574','2020-09-13 00:02:07.575575','5bc43e35eaabb9743f196fb1','5b9b100cca1728134ee88b26'),(323,'2020-09-13 00:02:07.585083','2020-09-13 00:02:07.585085','5bcd2d921a5405265d8705b0','5b9b100cca1728134ee88b23'),(324,'2020-09-13 00:02:07.595271','2020-09-13 00:02:07.595272','5babd1b7e5da384e7428ed83','5b9b100cca1728134ee88b23'),(325,'2020-09-13 00:02:07.603995','2020-09-13 00:02:07.603996','5babd1b7e5da384e7428ed83','5b9b100cca1728134ee88b26'),(326,'2020-09-13 00:02:07.613472','2020-09-13 00:02:07.613473','5bc43e5a66506515ee327af1','5b9b100cca1728134ee88b23'),(327,'2020-09-13 00:02:07.625220','2020-09-13 00:02:07.625222','5bc43e5a66506515ee327af1','5b9b100cca1728134ee88b2b'),(328,'2020-09-13 00:02:07.635742','2020-09-13 00:02:07.635744','5bc43e5a66506515ee327af1','5b9b100cca1728134ee88b26'),(329,'2020-09-13 00:02:07.645319','2020-09-13 00:02:07.645320','5bcf312f1f7e6e458bfb5305','5b9b100cca1728134ee88b23'),(330,'2020-09-13 00:02:07.654483','2020-09-13 00:02:07.654485','5bcf312f1f7e6e458bfb5305','5bcad3d9a527396a65bc1f5b'),(408,'2020-09-13 12:52:57.171465','2020-09-13 12:52:57.171468','58d89302cd53f765b45d1f3f','58d89302cd53f765b45d1f4b'),(409,'2020-09-13 12:52:57.196086','2020-09-13 12:52:57.196091','58d89302cd53f765b45d1f49','58d89302cd53f765b45d1f4b');
/*!40000 ALTER TABLE `card_label` ENABLE KEYS */;
UNLOCK TABLES;

--
-- Table structure for table `card_member`
--

DROP TABLE IF EXISTS `card_member`;
/*!40101 SET @saved_cs_client     = @@character_set_client */;
/*!50503 SET character_set_client = utf8mb4 */;
CREATE TABLE `card_member` (
  `id` int NOT NULL,
  `date_created` datetime(6) DEFAULT NULL,
  `date_last_modified` datetime(6) DEFAULT NULL,
  `id_card` varchar(255) NOT NULL,
  `id_member` varchar(255) NOT NULL,
  PRIMARY KEY (`id`),
  KEY `FKa8glmxhsst988tqh2m1x2t3uw` (`id_card`),
  KEY `FK75bilbt1v4j9mjgdq34x3sho1` (`id_member`),
  CONSTRAINT `FK75bilbt1v4j9mjgdq34x3sho1` FOREIGN KEY (`id_member`) REFERENCES `member` (`id`),
  CONSTRAINT `FKa8glmxhsst988tqh2m1x2t3uw` FOREIGN KEY (`id_card`) REFERENCES `card` (`id`)
) ENGINE=InnoDB DEFAULT CHARSET=utf8mb4 COLLATE=utf8mb4_0900_ai_ci;
/*!40101 SET character_set_client = @saved_cs_client */;

--
-- Dumping data for table `card_member`
--

LOCK TABLES `card_member` WRITE;
/*!40000 ALTER TABLE `card_member` DISABLE KEYS */;
INSERT INTO `card_member` VALUES (10,'2020-09-12 15:04:14.851344','2020-09-12 15:04:14.851349','58d89302cd53f765b45d1f41','58d89301cd53f765b45d1f32'),(25,'2020-09-12 15:04:50.664376','2020-09-12 15:04:50.664378','5c1dd6ac77a0754c2749967a','56bdddade92904d1e63fbaee'),(26,'2020-09-12 15:04:50.681500','2020-09-12 15:04:50.681501','5c1dd6ac77a0754c2749967a','58d89301cd53f765b45d1f32'),(27,'2020-09-12 15:04:50.694422','2020-09-12 15:04:50.694423','5c1dd6ac77a0754c2749967a','522681cfc8d693e455001761'),(28,'2020-09-12 15:04:50.709535','2020-09-12 15:04:50.709536','5c1dd6ac77a0754c2749967a','571113c0ddd3dffc53045aa3'),(29,'2020-09-12 15:04:50.719157','2020-09-12 15:04:50.719159','5c1dd6ac77a0754c2749967a','5845c9293144630b60abc927'),(30,'2020-09-12 15:04:50.730349','2020-09-12 15:04:50.730350','5c1dd6ac77a0754c2749967a','520ebec2a71cbe9968002c67'),(31,'2020-09-12 15:04:50.742209','2020-09-12 15:04:50.742211','5c1dd0e2f995a68d8ecab888','56bdddade92904d1e63fbaee'),(32,'2020-09-12 15:04:50.754388','2020-09-12 15:04:50.754390','5c1dd2aae1494d87465a3677','5c1dd04713064445e61e8dbc'),(33,'2020-09-12 15:04:50.764139','2020-09-12 15:04:50.764141','5c1dd2aae1494d87465a3677','56bdddade92904d1e63fbaee'),(34,'2020-09-12 15:04:50.776272','2020-09-12 15:04:50.776273','5c1dd1f6cbf5e48563097422','5a6212b8e22e2f760f2af003'),(35,'2020-09-12 15:04:50.789849','2020-09-12 15:04:50.789851','5c1eb9a854388516a4f01b80','4ef36b6efe1494e1350203a6'),(36,'2020-09-12 15:04:50.798575','2020-09-12 15:04:50.798576','5c1f0949e0bfe70e54421a06','4f2777a3114e3e040db37fd2'),(37,'2020-09-12 15:04:50.807945','2020-09-12 15:04:50.807946','5c1f0e00cb1e63883d0865b4','4f2777a3114e3e040db37fd2'),(38,'2020-09-12 15:04:50.817906','2020-09-12 15:04:50.817908','5c22f85d56849944e4191cc1','4f2777a3114e3e040db37fd2'),(39,'2020-09-12 15:04:50.830856','2020-09-12 15:04:50.830857','5c22f871c392d13d2701f02f','596051e2d4a9b2d11c63bc4f'),(40,'2020-09-12 15:04:50.842993','2020-09-12 15:04:50.842994','5c22fc6e93bd2573349e9168','59370b001e881c261428d8bb'),(52,'2020-09-12 15:05:10.197024','2020-09-12 15:05:10.197025','5c1ea931af4ca001571f1934','58d89301cd53f765b45d1f32'),(53,'2020-09-12 15:05:10.205746','2020-09-12 15:05:10.205748','5c1ea931af4ca001571f1934','4ef36b6efe1494e1350203a6'),(54,'2020-09-12 15:05:10.215487','2020-09-12 15:05:10.215489','5c1e9ea0e961066457a2538b','4ef36b6efe1494e1350203a6'),(55,'2020-09-12 15:05:10.226390','2020-09-12 15:05:10.226391','5c1e9eb413e44b879c3656ed','58d89301cd53f765b45d1f32'),(56,'2020-09-12 15:05:10.238305','2020-09-12 15:05:10.238307','5c1e9ebd1e211d42af7ed663','58d89301cd53f765b45d1f32'),(57,'2020-09-12 15:05:10.249320','2020-09-12 15:05:10.249322','5c1e9ed3eee92f6170a4bbdd','522681cfc8d693e455001761'),(58,'2020-09-12 15:05:10.258620','2020-09-12 15:05:10.258621','5c1ea89f263b2c5c3869a95a','4f2777a3114e3e040db37fd2'),(59,'2020-09-12 15:05:10.268320','2020-09-12 15:05:10.268322','5c1ea8a3cac01b34e21b99cd','4f2777a3114e3e040db37fd2'),(60,'2020-09-12 15:05:10.277517','2020-09-12 15:05:10.277518','5c1ea8a3cac01b34e21b99cd','58d89301cd53f765b45d1f32'),(61,'2020-09-12 15:05:10.286665','2020-09-12 15:05:10.286667','5c26ef65d0a9795461a8683e','4f2777a3114e3e040db37fd2'),(62,'2020-09-12 15:05:10.295020','2020-09-12 15:05:10.295021','5c26ef65d0a9795461a8683e','58d89301cd53f765b45d1f32'),(63,'2020-09-12 15:05:10.303739','2020-09-12 15:05:10.303741','5c26ef7ddc0bcc300b96a52e','4f2777a3114e3e040db37fd2'),(64,'2020-09-12 15:05:10.313918','2020-09-12 15:05:10.313919','5c1e9f48403a774a56767d93','4ef36b6efe1494e1350203a6'),(65,'2020-09-12 15:05:10.323813','2020-09-12 15:05:10.323815','5c1ea5c01b2a782da50dba4f','5b017dbd261228c37bd4ce4c'),(66,'2020-09-12 15:05:10.331509','2020-09-12 15:05:10.331510','5c1ea5c01b2a782da50dba4f','520ebec2a71cbe9968002c67'),(67,'2020-09-12 15:05:10.340584','2020-09-12 15:05:10.340586','5c1ea5c01b2a782da50dba4f','5a6212b8e22e2f760f2af003'),(75,'2020-09-12 15:08:43.520951','2020-09-12 15:08:43.520955','58d89302cd53f765b45d1f41','58d89301cd53f765b45d1f32'),(108,'2020-09-12 15:09:17.134200','2020-09-12 15:09:17.134201','5f3b7c2c87480942d5d28875','5b7cb0e4c2e58b08a128b7fc'),(109,'2020-09-12 15:09:17.147958','2020-09-12 15:09:17.147960','5f3b7c2c87480942d5d28875','5b73d806fda5bc29d20beb47'),(110,'2020-09-12 15:09:17.159202','2020-09-12 15:09:17.159203','5f3b7c2f3e99148536ef894c','5b7cb0e4c2e58b08a128b7fc'),(111,'2020-09-12 15:09:17.167434','2020-09-12 15:09:17.167435','5f3b7c2f3e99148536ef894c','5b73d806fda5bc29d20beb47'),(112,'2020-09-12 15:09:17.175564','2020-09-12 15:09:17.175565','5f3b7c31763a391dbde72d61','5b7cb0e4c2e58b08a128b7fc'),(113,'2020-09-12 15:09:17.183731','2020-09-12 15:09:17.183732','5f3b7c31763a391dbde72d61','5b73d806fda5bc29d20beb47'),(114,'2020-09-12 15:09:17.192468','2020-09-12 15:09:17.192470','5f3b7c37245d033d5c658f34','5b7cb0e4c2e58b08a128b7fc'),(115,'2020-09-12 15:09:17.203524','2020-09-12 15:09:17.203526','5f3b7c37245d033d5c658f34','5b73d806fda5bc29d20beb47'),(116,'2020-09-12 15:09:17.213149','2020-09-12 15:09:17.213151','5f44f3774545ec4db67cdee8','58d89301cd53f765b45d1f32'),(117,'2020-09-12 15:09:17.224616','2020-09-12 15:09:17.224618','5f44f3816128130bc35ddb2f','58d89301cd53f765b45d1f32'),(118,'2020-09-12 15:09:17.234290','2020-09-12 15:09:17.234291','5f3b7c4dbdbd9d24edabfbbb','5e844d79813c145d5bdec037'),(119,'2020-09-12 15:09:17.244382','2020-09-12 15:09:17.244384','5f3b7c4dbdbd9d24edabfbbb','5e844e6eeb84e9663e07e3e8'),(120,'2020-09-12 15:09:17.254054','2020-09-12 15:09:17.254055','5f3b7defdc606706342ef58c','58d89301cd53f765b45d1f32'),(121,'2020-09-12 15:09:17.264315','2020-09-12 15:09:17.264316','5f44f76e6dc99f490c60731e','58d89301cd53f765b45d1f32'),(122,'2020-09-12 15:09:17.273322','2020-09-12 15:09:17.273323','5f44f74721e2c981501ff3e6','5e844d79813c145d5bdec037'),(123,'2020-09-12 15:09:17.283547','2020-09-12 15:09:17.283549','5f44f61fe741874e300aa24a','58d89301cd53f765b45d1f32'),(124,'2020-09-12 15:09:17.295608','2020-09-12 15:09:17.295610','5f44f61fe741874e300aa24a','5b73d806fda5bc29d20beb47'),(125,'2020-09-12 15:09:17.307300','2020-09-12 15:09:17.307301','5f44f61fe741874e300aa24a','5b7cb0e4c2e58b08a128b7fc'),(126,'2020-09-12 15:09:17.318919','2020-09-12 15:09:17.318920','5f44f61fe741874e300aa24a','5e844e6eeb84e9663e07e3e8'),(127,'2020-09-12 15:09:17.328656','2020-09-12 15:09:17.328658','5f44f61fe741874e300aa24a','5e844d79813c145d5bdec037'),(128,'2020-09-12 15:09:17.340327','2020-09-12 15:09:17.340329','5f44f6d114bdf3313de6ac0c','5e844e6eeb84e9663e07e3e8'),(129,'2020-09-12 15:09:17.350537','2020-09-12 15:09:17.350538','5f44f75a7ec97386f04412bd','5b73d806fda5bc29d20beb47'),(130,'2020-09-12 15:09:17.359851','2020-09-12 15:09:17.359852','5f44f6ebac1e0e362bf3df57','5b7cb0e4c2e58b08a128b7fc'),(131,'2020-09-12 15:09:17.370792','2020-09-12 15:09:17.370794','5eb271bf2c193359dd63589e','5b7cb0e4c2e58b08a128b7fc'),(132,'2020-09-12 15:09:17.380595','2020-09-12 15:09:17.380597','5eb270db96b81f48acb91eee','58d89301cd53f765b45d1f32'),(133,'2020-09-12 15:09:17.391294','2020-09-12 15:09:17.391296','5eb27c00a4bb18317309dda1','58d89301cd53f765b45d1f32'),(134,'2020-09-12 15:09:17.400072','2020-09-12 15:09:17.400073','5eb271805d843561fc60b774','5b73d806fda5bc29d20beb47'),(135,'2020-09-12 15:09:17.412612','2020-09-12 15:09:17.412614','5ede201ec95b847f1c113edc','5e844d79813c145d5bdec037'),(136,'2020-09-12 15:09:17.423594','2020-09-12 15:09:17.423595','5eb2710eaa8dab28016ac618','5b73d806fda5bc29d20beb47'),(137,'2020-09-12 15:09:17.431680','2020-09-12 15:09:17.431681','5eca568003690285bc3f4592','5e844e6eeb84e9663e07e3e8'),(138,'2020-09-12 15:09:17.441019','2020-09-12 15:09:17.441021','5eca568003690285bc3f4592','5b7cb0e4c2e58b08a128b7fc'),(139,'2020-09-12 15:09:17.452329','2020-09-12 15:09:17.452331','5eb26fae4e1c4b49ff80cecc','5e844e6eeb84e9663e07e3e8'),(140,'2020-09-12 15:09:17.463180','2020-09-12 15:09:17.463182','5eb2741de881f748a7607471','5e844d79813c145d5bdec037'),(141,'2020-09-12 15:09:17.473945','2020-09-12 15:09:17.473946','5ec919e66ad5594aef1549fc','5e844d79813c145d5bdec037'),(142,'2020-09-12 15:09:17.482959','2020-09-12 15:09:17.482961','5ec91a2d3531a48f6a5ea96c','58d89301cd53f765b45d1f32'),(143,'2020-09-12 15:09:17.493642','2020-09-12 15:09:17.493643','5ec91a5c2e14dd3bce4c67d1','5e844e6eeb84e9663e07e3e8'),(144,'2020-09-12 15:09:17.504372','2020-09-12 15:09:17.504374','5ec91a6441f59b8314a4f96e','5b7cb0e4c2e58b08a128b7fc'),(145,'2020-09-12 15:09:17.514723','2020-09-12 15:09:17.514725','5ec91a80cd0b694ae441ae7a','5b73d806fda5bc29d20beb47'),(146,'2020-09-12 15:09:17.525425','2020-09-12 15:09:17.525426','5ec91a9bf3137d49e8aedacf','5e844e6eeb84e9663e07e3e8'),(147,'2020-09-12 15:09:17.535012','2020-09-12 15:09:17.535014','5ec91a9bf3137d49e8aedacf','5b73d806fda5bc29d20beb47'),(148,'2020-09-12 15:09:17.546175','2020-09-12 15:09:17.546176','5ec91a9bf3137d49e8aedacf','5e844d79813c145d5bdec037'),(149,'2020-09-12 15:09:17.555836','2020-09-12 15:09:17.555838','5ec91a9bf3137d49e8aedacf','5b7cb0e4c2e58b08a128b7fc'),(150,'2020-09-12 15:09:17.567399','2020-09-12 15:09:17.567400','5ec91a9bf3137d49e8aedacf','58d89301cd53f765b45d1f32'),(151,'2020-09-12 15:09:17.580006','2020-09-12 15:09:17.580008','5eb26e88c4dda17e5156fb8e','5e844e6eeb84e9663e07e3e8'),(152,'2020-09-12 15:09:17.587356','2020-09-12 15:09:17.587358','5eb26e88c4dda17e5156fb8e','5b73d806fda5bc29d20beb47'),(153,'2020-09-12 15:09:17.600217','2020-09-12 15:09:17.600219','5eb26e88c4dda17e5156fb8e','5e844d79813c145d5bdec037'),(154,'2020-09-12 15:09:17.612908','2020-09-12 15:09:17.612911','5eb26e88c4dda17e5156fb8e','5b7cb0e4c2e58b08a128b7fc'),(155,'2020-09-12 15:09:17.623889','2020-09-12 15:09:17.623890','5eb26e88c4dda17e5156fb8e','58d89301cd53f765b45d1f32'),(156,'2020-09-12 15:09:17.634169','2020-09-12 15:09:17.634171','5eb26f90b19ce31f2c97eaa7','58d89301cd53f765b45d1f32'),(157,'2020-09-12 15:09:17.643892','2020-09-12 15:09:17.643893','5eb26f90b19ce31f2c97eaa7','5e844e6eeb84e9663e07e3e8'),(158,'2020-09-12 15:09:17.655118','2020-09-12 15:09:17.655120','5eb26f90b19ce31f2c97eaa7','5b73d806fda5bc29d20beb47'),(159,'2020-09-12 15:09:17.666425','2020-09-12 15:09:17.666426','5eb26f90b19ce31f2c97eaa7','5e844d79813c145d5bdec037'),(160,'2020-09-12 15:09:17.674815','2020-09-12 15:09:17.674816','5eb26f90b19ce31f2c97eaa7','5b7cb0e4c2e58b08a128b7fc'),(358,'2020-09-13 00:02:08.235544','2020-09-13 00:02:08.235546','5b9b217dd55c268376365e8d','5659beeaddf4aecea9249f97'),(359,'2020-09-13 00:02:08.251151','2020-09-13 00:02:08.251153','5bb3b9488d0dad39b9c19a25','5af084b8d1eed51ce894ac29'),(360,'2020-09-13 00:02:08.266656','2020-09-13 00:02:08.266658','5bbf96bf381320690a3d8494','5af084b8d1eed51ce894ac29'),(361,'2020-09-13 00:02:08.281558','2020-09-13 00:02:08.281561','5bba50cc3552b28c214be4a1','5af084b8d1eed51ce894ac29'),(362,'2020-09-13 00:02:08.294936','2020-09-13 00:02:08.294938','5bb55af78dc29689e6a5c2b1','571113c0ddd3dffc53045aa3'),(363,'2020-09-13 00:02:08.305314','2020-09-13 00:02:08.305315','5bb55af78dc29689e6a5c2b1','58d89301cd53f765b45d1f32'),(364,'2020-09-13 00:02:08.318761','2020-09-13 00:02:08.318762','5bbcf3b77afafc2cb004a597','5af084b8d1eed51ce894ac29'),(365,'2020-09-13 00:02:08.327836','2020-09-13 00:02:08.327837','5bb65c2a46e42a7a92b32d15','5af084b8d1eed51ce894ac29'),(366,'2020-09-13 00:02:08.338154','2020-09-13 00:02:08.338155','5bb1162c641aec0e53f86656','5af084b8d1eed51ce894ac29'),(367,'2020-09-13 00:02:08.347886','2020-09-13 00:02:08.347887','5bc50c15ec2eb06c0543b3ba','5659beeaddf4aecea9249f97'),(368,'2020-09-13 00:02:08.358547','2020-09-13 00:02:08.358548','5bc932761def9634b8405161','571113c0ddd3dffc53045aa3'),(369,'2020-09-13 00:02:08.374453','2020-09-13 00:02:08.374455','59ef5c5b77e54a2b00ae7977','520ebec2a71cbe9968002c67'),(370,'2020-09-13 00:02:08.389193','2020-09-13 00:02:08.389195','5bb396b91b70dc419eda850f','5659beeaddf4aecea9249f97'),(371,'2020-09-13 00:02:08.400061','2020-09-13 00:02:08.400062','5bc0ab213e85d38d2df29e8c','5675a440ec84acf160885c45'),(372,'2020-09-13 00:02:08.409755','2020-09-13 00:02:08.409756','5bc0ab213e85d38d2df29e8c','58d89301cd53f765b45d1f32'),(373,'2020-09-13 00:02:08.423552','2020-09-13 00:02:08.423553','5bbf59b6e754d06b2fa4b6e8','5675a440ec84acf160885c45'),(374,'2020-09-13 00:02:08.434632','2020-09-13 00:02:08.434634','5bbf59b6e754d06b2fa4b6e8','58d89301cd53f765b45d1f32'),(375,'2020-09-13 00:02:08.448135','2020-09-13 00:02:08.448136','5bb92b495d738e13c7d9510b','5abbc3b42006f8f88335ca49'),(376,'2020-09-13 00:02:08.462285','2020-09-13 00:02:08.462286','5bcd2d921a5405265d8705b0','571113c0ddd3dffc53045aa3'),(377,'2020-09-13 00:02:08.474016','2020-09-13 00:02:08.474017','5babd1b7e5da384e7428ed83','5845c9293144630b60abc927'),(378,'2020-09-13 00:02:08.493852','2020-09-13 00:02:08.493854','5babd1b7e5da384e7428ed83','58d89301cd53f765b45d1f32'),(379,'2020-09-13 00:02:08.506431','2020-09-13 00:02:08.506432','5bb0f08ecc6b265873ef9bef','520ebec2a71cbe9968002c67'),(380,'2020-09-13 00:02:08.516482','2020-09-13 00:02:08.516483','5bb10bb43f2d4415371e5c25','5af084b8d1eed51ce894ac29'),(381,'2020-09-13 00:02:08.527668','2020-09-13 00:02:08.527670','5be46baebb1d1633a009cc31','520ebec2a71cbe9968002c67'),(382,'2020-09-13 00:02:08.539851','2020-09-13 00:02:08.539852','5be1c8c564119d8bda22a550','520ebec2a71cbe9968002c67'),(383,'2020-09-13 00:02:08.550238','2020-09-13 00:02:08.550239','5bdf25bb00d7488367d02ca8','520ebec2a71cbe9968002c67'),(384,'2020-09-13 00:02:08.559586','2020-09-13 00:02:08.559587','5bddc60f3f279984f2b2f632','520ebec2a71cbe9968002c67'),(385,'2020-09-13 00:02:08.570266','2020-09-13 00:02:08.570267','5bdb2347a92e83582dd35d69','520ebec2a71cbe9968002c67'),(386,'2020-09-13 00:02:08.580013','2020-09-13 00:02:08.580015','5bd88029f84983766a11ddc0','520ebec2a71cbe9968002c67'),(387,'2020-09-13 00:02:08.590320','2020-09-13 00:02:08.590322','5bcca29d058f7847ba7306e4','520ebec2a71cbe9968002c67'),(388,'2020-09-13 00:02:08.600602','2020-09-13 00:02:08.600603','5bd5dd2e5f7357124c678e83','520ebec2a71cbe9968002c67'),(389,'2020-09-13 00:02:08.614064','2020-09-13 00:02:08.614065','5bcb5143f7753d2cfdd71309','520ebec2a71cbe9968002c67'),(390,'2020-09-13 00:02:08.631053','2020-09-13 00:02:08.631055','5bd48b99293dff4f8fc571d3','520ebec2a71cbe9968002c67'),(391,'2020-09-13 00:02:08.643436','2020-09-13 00:02:08.643437','5bc8aec2248a8889bd2cdfdf','520ebec2a71cbe9968002c67'),(392,'2020-09-13 00:02:08.653493','2020-09-13 00:02:08.653494','5bd1e8bdb72fe037b488ead9','520ebec2a71cbe9968002c67'),(393,'2020-09-13 00:02:08.667581','2020-09-13 00:02:08.667583','5bc60b14e490cf40a1a784f4','520ebec2a71cbe9968002c67'),(394,'2020-09-13 00:02:08.677592','2020-09-13 00:02:08.677594','5bcf4588914bde32cf182616','520ebec2a71cbe9968002c67'),(395,'2020-09-13 00:02:08.688700','2020-09-13 00:02:08.688701','5bc3682fc824ea3ebde1e335','520ebec2a71cbe9968002c67'),(396,'2020-09-13 00:02:08.702690','2020-09-13 00:02:08.702691','5bc21690dbc62b37386af113','520ebec2a71cbe9968002c67'),(397,'2020-09-13 00:02:08.712441','2020-09-13 00:02:08.712442','5bbf738ed3824a78cd48d714','520ebec2a71cbe9968002c67'),(398,'2020-09-13 00:02:08.723237','2020-09-13 00:02:08.723238','5bbcd0b12235b94ecbd1fbae','520ebec2a71cbe9968002c67'),(399,'2020-09-13 00:02:08.734000','2020-09-13 00:02:08.734001','5bba2da7ae72ba365953e9f1','520ebec2a71cbe9968002c67'),(400,'2020-09-13 00:02:08.749023','2020-09-13 00:02:08.749025','5bb8dc12fc1881364e8336d7','520ebec2a71cbe9968002c67'),(401,'2020-09-13 00:02:08.764598','2020-09-13 00:02:08.764600','5bb639c138e3de1a81ed61b4','520ebec2a71cbe9968002c67'),(402,'2020-09-13 00:02:08.779488','2020-09-13 00:02:08.779489','5bc38b3923892105b8f606cf','5af084b8d1eed51ce894ac29'),(403,'2020-09-13 00:02:08.791461','2020-09-13 00:02:08.791462','5bc62e5e7d589082d8505d5a','5af084b8d1eed51ce894ac29'),(404,'2020-09-13 00:02:08.802151','2020-09-13 00:02:08.802153','5bc8d1632b102c686acb6d2d','5af084b8d1eed51ce894ac29'),(405,'2020-09-13 00:02:08.815899','2020-09-13 00:02:08.815901','5bccc5d2fb8a94365465304f','5af084b8d1eed51ce894ac29'),(406,'2020-09-13 00:02:08.831589','2020-09-13 00:02:08.831590','5bcf68dbd1baac58950ec30c','5af084b8d1eed51ce894ac29'),(407,'2020-09-13 00:02:08.846640','2020-09-13 00:02:08.846642','5bd20bd3248a590e46c76792','5af084b8d1eed51ce894ac29'),(412,'2020-09-13 12:52:57.274778','2020-09-13 12:52:57.274780','58d89302cd53f765b45d1f41','58d89301cd53f765b45d1f32');
/*!40000 ALTER TABLE `card_member` ENABLE KEYS */;
UNLOCK TABLES;

--
-- Table structure for table `check_item`
--

DROP TABLE IF EXISTS `check_item`;
/*!40101 SET @saved_cs_client     = @@character_set_client */;
/*!50503 SET character_set_client = utf8mb4 */;
CREATE TABLE `check_item` (
  `id` varchar(255) NOT NULL,
  `date_created` datetime(6) DEFAULT NULL,
  `date_last_modified` datetime(6) DEFAULT NULL,
  `name` varchar(255) DEFAULT NULL,
  `name_data` varchar(255) DEFAULT NULL,
  `pos` float DEFAULT NULL,
  `state` varchar(255) DEFAULT NULL,
  `id_check_list` varchar(255) NOT NULL,
  PRIMARY KEY (`id`),
  KEY `FKc4dpv0hgur68mbsgxpcm1k3ct` (`id_check_list`),
  CONSTRAINT `FKc4dpv0hgur68mbsgxpcm1k3ct` FOREIGN KEY (`id_check_list`) REFERENCES `checklist` (`id`)
) ENGINE=InnoDB DEFAULT CHARSET=utf8mb4 COLLATE=utf8mb4_0900_ai_ci;
/*!40101 SET character_set_client = @saved_cs_client */;

--
-- Dumping data for table `check_item`
--

LOCK TABLES `check_item` WRITE;
/*!40000 ALTER TABLE `check_item` DISABLE KEYS */;
INSERT INTO `check_item` VALUES ('58d89302cd53f765b45d1f6d','2020-09-13 12:52:57.307616','2020-09-13 12:52:57.307618','Add another checklist and some items using the **Checklist** button above.',NULL,17368,'incomplete','58d89302cd53f765b45d1f6b'),('58d89302cd53f765b45d1f6f','2020-09-13 12:52:57.315872','2020-09-13 12:52:57.315874','You can add anyone in your Team or Board to a card with the **Members** button. Add Taco to this card now.',NULL,33843,'incomplete','58d89302cd53f765b45d1f6b'),('58d89302cd53f765b45d1f71','2020-09-13 12:52:57.321839','2020-09-13 12:52:57.321841','Add another **Label**.',NULL,50935,'incomplete','58d89302cd53f765b45d1f6b'),('58d89302cd53f765b45d1f73','2020-09-13 12:52:57.326657','2020-09-13 12:52:57.326660','Add **Attachments** with the button above or by just dragging things onto a card.',NULL,68199,'incomplete','58d89302cd53f765b45d1f6b'),('58d89302cd53f765b45d1f75','2020-09-13 12:52:57.332411','2020-09-13 12:52:57.332414','This card has a **Due Date**. Try changing the date to your favorite holiday.',NULL,85455,'incomplete','58d89302cd53f765b45d1f6b'),('58d89302cd53f765b45d1f77','2020-09-13 12:52:57.339236','2020-09-13 12:52:57.339240','Forget email. Use **comments** and **@ mentions** to post feedback or questions. @ mention Taco (@Taco) in a comment to tell him he\'s a good boy.',NULL,102252,'incomplete','58d89302cd53f765b45d1f6b'),('58d89302cd53f765b45d1f7d','2020-09-13 12:52:57.346965','2020-09-13 12:52:57.346968','**Create your first board** by clicking the **+** at the top right of this board.',NULL,17171,'incomplete','58d89302cd53f765b45d1f7b'),('58d89302cd53f765b45d1f7f','2020-09-13 12:52:57.352480','2020-09-13 12:52:57.352482','**Add lists** to show steps of your process like \"To Do, Doing, and Done\".',NULL,33914,'incomplete','58d89302cd53f765b45d1f7b'),('58d89302cd53f765b45d1f81','2020-09-13 12:52:57.359770','2020-09-13 12:52:57.359774','**Add cards** for tasks, things to get done, or information to keep track of.',NULL,50878,'incomplete','58d89302cd53f765b45d1f7b'),('58d89302cd53f765b45d1f83','2020-09-13 12:52:57.365558','2020-09-13 12:52:57.365560','**Add members** to your board and add them to cards to assign them to tasks.',NULL,67972,'incomplete','58d89302cd53f765b45d1f7b'),('58d89302cd53f765b45d1f85','2020-09-13 12:52:57.370832','2020-09-13 12:52:57.370834','Celebrate! ðŸŽ‰ðŸ‘ðŸ™Œ',NULL,84680,'incomplete','58d89302cd53f765b45d1f7b'),('5baffccb48528c64978a76e3','2020-09-13 00:02:08.868510','2020-09-13 00:02:08.868511','Adri',NULL,17179,'complete','5baffcc7d79bcc6070826d25'),('5baffccc3475ce2615e77acb','2020-09-13 00:02:08.884047','2020-09-13 00:02:08.884048','Nick',NULL,33622,'complete','5baffcc7d79bcc6070826d25'),('5c1eb0772f79ab5a1fe54e57','2020-09-12 15:05:10.363649','2020-09-12 15:05:10.363650','Bug\'ish: structure lines tend to end too soon',NULL,16967,'incomplete','5c1eb06a3cf31a1c5115d566'),('5c1eb0895c1ff72c2e78d223','2020-09-12 15:05:10.369534','2020-09-12 15:05:10.369535','Longer structure lines need to be able to generate incrementally (to not dig into un-generated chunks)',NULL,33542,'incomplete','5c1eb06a3cf31a1c5115d566'),('5c25b5f73c177674103119a4','2020-09-12 15:05:10.375373','2020-09-12 15:05:10.375375','Abstract blocks into a graph for to avoid updating individual entites',NULL,17202,'incomplete','5c25b4abee2e0b83f4eea6e8'),('5c25b65af3782d5c63cbe09c','2020-09-12 15:05:10.382083','2020-09-12 15:05:10.382084','decouple visual and functional interface of blocks in rails',NULL,34409,'incomplete','5c25b4abee2e0b83f4eea6e8'),('5ed9d93328b6450ed0156a40','2020-09-12 15:09:17.697251','2020-09-12 15:09:17.697253','Complete evaluation',NULL,16431,'complete','5ed9d92a74fd2424904f6bcf'),('5ed9d93fa74d95511cdcfdeb','2020-09-12 15:09:17.703958','2020-09-12 15:09:17.703959','@kennyhuynh15 Complete ERD :thumbsup: ',NULL,49653,'complete','5ed9d92a74fd2424904f6bcf'),('5ed9df7c7954820874f9fcd7','2020-09-12 15:09:17.709839','2020-09-12 15:09:17.709840','complete schema',NULL,33042,'complete','5ed9d92a74fd2424904f6bcf'),('5ed9e05781912883ddab16b8','2020-09-12 15:09:17.714821','2020-09-12 15:09:17.714822','test complete',NULL,66293,'complete','5ed9d92a74fd2424904f6bcf'),('5edb6891745d2244603aded1','2020-09-12 15:09:17.729646','2020-09-12 15:09:17.729648','testing!',NULL,16659,'complete','5edb6889489fc462fff76552'),('5ee3a107bf66585347066309','2020-09-12 15:09:17.722389','2020-09-12 15:09:17.722391','t',NULL,83090,'incomplete','5ed9d92a74fd2424904f6bcf'),('5ee4a7a9cb7e435310a6fd62','2020-09-12 16:46:12.157733','2020-09-12 16:46:12.157734','2',NULL,33587,'incomplete','5ee4a7a63ffc290ddf9534f6'),('5ee4a7a9cdc4ef110b1d504f','2020-09-12 16:46:12.152371','2020-09-12 16:46:12.152372','1',NULL,17178,'incomplete','5ee4a7a63ffc290ddf9534f6'),('5ee4a7aab737fc6face6cbf9','2020-09-12 16:46:12.163343','2020-09-12 16:46:12.163345','3',NULL,50866,'incomplete','5ee4a7a63ffc290ddf9534f6'),('5ee7d560904e87427e0a14bb','2020-09-12 15:10:16.219674','2020-09-12 15:10:16.219676','Add another checklist and some items using the **Checklist** button above.',NULL,17368,'incomplete','5ee7d560904e87427e0a1473'),('5ee7d560904e87427e0a14bc','2020-09-12 15:10:16.223368','2020-09-12 15:10:16.223369','You can add anyone in your Team or Board to a card with the **Members** button. Add Taco to this card now.',NULL,33843,'incomplete','5ee7d560904e87427e0a1473'),('5ee7d560904e87427e0a14bd','2020-09-12 15:10:16.227083','2020-09-12 15:10:16.227084','Add another **Label**.',NULL,50935,'incomplete','5ee7d560904e87427e0a1473'),('5ee7d560904e87427e0a14be','2020-09-12 15:10:16.231359','2020-09-12 15:10:16.231361','Add **Attachments** with the button above or by just dragging things onto a card.',NULL,68199,'incomplete','5ee7d560904e87427e0a1473'),('5ee7d560904e87427e0a14bf','2020-09-12 15:10:16.238086','2020-09-12 15:10:16.238088','This card has a **Due Date**. Try changing the date to your favorite holiday.',NULL,85455,'incomplete','5ee7d560904e87427e0a1473'),('5ee7d560904e87427e0a14c0','2020-09-12 15:10:16.243286','2020-09-12 15:10:16.243288','Forget email. Use **comments** and **@ mentions** to post feedback or questions. @ mention Taco (@Taco) in a comment to tell him he\'s a good boy.',NULL,102252,'incomplete','5ee7d560904e87427e0a1473'),('5ee7d560904e87427e0a14c8','2020-09-12 15:10:16.247881','2020-09-12 15:10:16.247883','**Create your first board** by clicking the **+** at the top right of this board.',NULL,17171,'incomplete','5ee7d560904e87427e0a1474'),('5ee7d560904e87427e0a14c9','2020-09-12 15:10:16.253269','2020-09-12 15:10:16.253270','**Add lists** to show steps of your process like \"To Do, Doing, and Done\".',NULL,33914,'incomplete','5ee7d560904e87427e0a1474'),('5ee7d560904e87427e0a14ca','2020-09-12 15:10:16.259192','2020-09-12 15:10:16.259194','**Add cards** for tasks, things to get done, or information to keep track of.',NULL,50878,'incomplete','5ee7d560904e87427e0a1474'),('5ee7d560904e87427e0a14cb','2020-09-12 15:10:16.263945','2020-09-12 15:10:16.263946','**Add members** to your board and add them to cards to assign them to tasks.',NULL,67972,'incomplete','5ee7d560904e87427e0a1474'),('5ee7d560904e87427e0a14cc','2020-09-12 15:10:16.270045','2020-09-12 15:10:16.270046','Celebrate! ðŸŽ‰ðŸ‘ðŸ™Œ',NULL,84680,'incomplete','5ee7d560904e87427e0a1474');
/*!40000 ALTER TABLE `check_item` ENABLE KEYS */;
UNLOCK TABLES;

--
-- Table structure for table `checklist`
--

DROP TABLE IF EXISTS `checklist`;
/*!40101 SET @saved_cs_client     = @@character_set_client */;
/*!50503 SET character_set_client = utf8mb4 */;
CREATE TABLE `checklist` (
  `id` varchar(255) NOT NULL,
  `date_created` datetime(6) DEFAULT NULL,
  `date_last_modified` datetime(6) DEFAULT NULL,
  `name` varchar(255) DEFAULT NULL,
  `pos` float DEFAULT NULL,
  `id_card` varchar(255) NOT NULL,
  PRIMARY KEY (`id`),
  KEY `FKohunhl8k43p8h1nnwl9v2ulp5` (`id_card`),
  CONSTRAINT `FKohunhl8k43p8h1nnwl9v2ulp5` FOREIGN KEY (`id_card`) REFERENCES `card` (`id`)
) ENGINE=InnoDB DEFAULT CHARSET=utf8mb4 COLLATE=utf8mb4_0900_ai_ci;
/*!40101 SET character_set_client = @saved_cs_client */;

--
-- Dumping data for table `checklist`
--

LOCK TABLES `checklist` WRITE;
/*!40000 ALTER TABLE `checklist` DISABLE KEYS */;
INSERT INTO `checklist` VALUES ('58d89302cd53f765b45d1f6b','2020-09-13 12:52:57.288016','2020-09-13 12:52:57.288018','This is a checklist with stuff you can add to cards.',16384,'58d89302cd53f765b45d1f49'),('58d89302cd53f765b45d1f7b','2020-09-13 12:52:57.299209','2020-09-13 12:52:57.299211','Create a Board',16384,'58d89302cd53f765b45d1f53'),('5baffcc7d79bcc6070826d25','2020-09-13 00:02:08.856788','2020-09-13 00:02:08.856789','Checklist',16384,'5baffcc32d7a35664b173a11'),('5c1eb06a3cf31a1c5115d566','2020-09-12 15:05:10.351382','2020-09-12 15:05:10.351384','Checklist',16384,'5c1e9ecc2297f94145d8caa6'),('5c25b4abee2e0b83f4eea6e8','2020-09-12 15:05:10.358225','2020-09-12 15:05:10.358227','Tweaks',16384,'5c1ea8a3cac01b34e21b99cd'),('5c32a40ddd336016535056f5','2020-09-12 15:04:50.851641','2020-09-12 15:04:50.851643','Checklist',16384,'5c32a3eeba9c3283bad03f1f'),('5ed9d92a74fd2424904f6bcf','2020-09-12 15:09:17.682958','2020-09-12 15:09:17.682959','Test ðŸ˜ƒ',16384,'5eb2741de881f748a7607471'),('5edb6889489fc462fff76552','2020-09-12 15:09:17.689549','2020-09-12 15:09:17.689551','2nd checklist',32768,'5eb2741de881f748a7607471'),('5ee4a7a63ffc290ddf9534f6','2020-09-12 16:46:12.145256','2020-09-12 16:46:12.145258','Checklist',16384,'5ee49831dc9e0a1b45b00be2'),('5ee7d560904e87427e0a1473','2020-09-12 15:10:16.201363','2020-09-12 15:10:16.201365','This is a checklist with stuff you can add to cards.',16384,'5ee7d560904e87427e0a146f'),('5ee7d560904e87427e0a1474','2020-09-12 15:10:16.210085','2020-09-12 15:10:16.210086','Create a Board',16384,'5ee7d560904e87427e0a1470');
/*!40000 ALTER TABLE `checklist` ENABLE KEYS */;
UNLOCK TABLES;

--
-- Table structure for table `hibernate_sequence`
--

DROP TABLE IF EXISTS `hibernate_sequence`;
/*!40101 SET @saved_cs_client     = @@character_set_client */;
/*!50503 SET character_set_client = utf8mb4 */;
CREATE TABLE `hibernate_sequence` (
  `next_val` bigint DEFAULT NULL
) ENGINE=InnoDB DEFAULT CHARSET=utf8mb4 COLLATE=utf8mb4_0900_ai_ci;
/*!40101 SET character_set_client = @saved_cs_client */;

--
-- Dumping data for table `hibernate_sequence`
--

LOCK TABLES `hibernate_sequence` WRITE;
/*!40000 ALTER TABLE `hibernate_sequence` DISABLE KEYS */;
INSERT INTO `hibernate_sequence` VALUES (413),(413),(413);
/*!40000 ALTER TABLE `hibernate_sequence` ENABLE KEYS */;
UNLOCK TABLES;

--
-- Table structure for table `label`
--

DROP TABLE IF EXISTS `label`;
/*!40101 SET @saved_cs_client     = @@character_set_client */;
/*!50503 SET character_set_client = utf8mb4 */;
CREATE TABLE `label` (
  `id` varchar(255) NOT NULL,
  `colour` varchar(255) DEFAULT NULL,
  `date_created` datetime(6) DEFAULT NULL,
  `date_last_modified` datetime(6) DEFAULT NULL,
  `name` varchar(255) DEFAULT NULL,
  `id_board` varchar(255) NOT NULL,
  PRIMARY KEY (`id`),
  KEY `FKtidwtlvq20p4b9eed3rfa39xb` (`id_board`),
  CONSTRAINT `FKtidwtlvq20p4b9eed3rfa39xb` FOREIGN KEY (`id_board`) REFERENCES `board` (`id`)
) ENGINE=InnoDB DEFAULT CHARSET=utf8mb4 COLLATE=utf8mb4_0900_ai_ci;
/*!40101 SET character_set_client = @saved_cs_client */;

--
-- Dumping data for table `label`
--

LOCK TABLES `label` WRITE;
/*!40000 ALTER TABLE `label` DISABLE KEYS */;
INSERT INTO `label` VALUES ('58d89302cd53f765b45d1f4b','green','2020-09-13 12:52:57.124788','2020-09-13 12:52:57.124791','This is a green label','58d89302cd53f765b45d1f3a'),('58d89302cd53f765b45d1f8e','yellow','2020-09-13 12:52:57.142537','2020-09-13 12:52:57.142540','','58d89302cd53f765b45d1f3a'),('58d89302cd53f765b45d1f8f','orange','2020-09-13 12:52:57.162880','2020-09-13 12:52:57.162882','','58d89302cd53f765b45d1f3a'),('58d89302cd53f765b45d1f90','red','2020-09-13 12:52:57.149787','2020-09-13 12:52:57.149790','','58d89302cd53f765b45d1f3a'),('58d89302cd53f765b45d1f91','purple','2020-09-13 12:52:57.156657','2020-09-13 12:52:57.156660','','58d89302cd53f765b45d1f3a'),('58d89302cd53f765b45d1f92','blue','2020-09-13 12:52:57.136380','2020-09-13 12:52:57.136382','','58d89302cd53f765b45d1f3a'),('5b9b100cca1728134ee88b23','green','2020-09-13 00:02:05.786256','2020-09-13 00:02:05.786257','Terasology','5b9b100cca1728134ee88b15'),('5b9b100cca1728134ee88b24','orange','2020-09-13 00:02:05.823644','2020-09-13 00:02:05.823645','Misc sub-projects','5b9b100cca1728134ee88b15'),('5b9b100cca1728134ee88b25','yellow','2020-09-13 00:02:05.830612','2020-09-13 00:02:05.830614','Advanced','5b9b100cca1728134ee88b15'),('5b9b100cca1728134ee88b26','red','2020-09-13 00:02:05.802896','2020-09-13 00:02:05.802897','DRAFT','5b9b100cca1728134ee88b15'),('5b9b100cca1728134ee88b27','purple','2020-09-13 00:02:05.809993','2020-09-13 00:02:05.809994','Task Chain','5b9b100cca1728134ee88b15'),('5b9b100cca1728134ee88b29','black','2020-09-13 00:02:05.817113','2020-09-13 00:02:05.817115','Destination Sol','5b9b100cca1728134ee88b15'),('5b9b100cca1728134ee88b2a','pink','2020-09-13 00:02:05.795464','2020-09-13 00:02:05.795465','Multi-instance','5b9b100cca1728134ee88b15'),('5b9b100cca1728134ee88b2b','lime','2020-09-13 00:02:05.838492','2020-09-13 00:02:05.838493','Task Series','5b9b100cca1728134ee88b15'),('5bcad3d9a527396a65bc1f5b','blue','2020-09-13 00:02:05.845570','2020-09-13 00:02:05.845571','PUBLISHED','5b9b100cca1728134ee88b15'),('5c1dceef91d0c2ddc57b6929','orange','2020-09-12 15:04:50.361885','2020-09-12 15:04:50.361889','','5c1dceef6f5b3c2a774afdf2'),('5c1dceef91d0c2ddc57b692a','yellow','2020-09-12 15:04:50.370701','2020-09-12 15:04:50.370704','','5c1dceef6f5b3c2a774afdf2'),('5c1dceef91d0c2ddc57b692b','green','2020-09-12 15:04:50.352831','2020-09-12 15:04:50.352834','','5c1dceef6f5b3c2a774afdf2'),('5c1dceef91d0c2ddc57b692c','red','2020-09-12 15:04:50.376356','2020-09-12 15:04:50.376376','','5c1dceef6f5b3c2a774afdf2'),('5c1dceef91d0c2ddc57b692f','blue','2020-09-12 15:04:50.385257','2020-09-12 15:04:50.385259','','5c1dceef6f5b3c2a774afdf2'),('5c1dceef91d0c2ddc57b6930','purple','2020-09-12 15:04:50.393626','2020-09-12 15:04:50.393628','','5c1dceef6f5b3c2a774afdf2'),('5c1e9da391d0c2ddc559bf41','green','2020-09-12 15:05:10.052826','2020-09-12 15:05:10.052827','','5c1e9da3f073f984668f3061'),('5c1e9da391d0c2ddc559bf42','orange','2020-09-12 15:05:10.063351','2020-09-12 15:05:10.063352','','5c1e9da3f073f984668f3061'),('5c1e9da391d0c2ddc559bf43','red','2020-09-12 15:05:10.058414','2020-09-12 15:05:10.058415','','5c1e9da3f073f984668f3061'),('5c1e9da391d0c2ddc559bf44','yellow','2020-09-12 15:05:10.070690','2020-09-12 15:05:10.070691','','5c1e9da3f073f984668f3061'),('5c1e9da391d0c2ddc559bf49','blue','2020-09-12 15:05:10.078458','2020-09-12 15:05:10.078459','','5c1e9da3f073f984668f3061'),('5c1e9da391d0c2ddc559bf4a','purple','2020-09-12 15:05:10.083200','2020-09-12 15:05:10.083201','','5c1e9da3f073f984668f3061'),('5e844d437669b225496ae0df','red','2020-09-12 15:09:09.646410','2020-09-12 15:09:09.646415','','5e844d43482bed3fe97669da'),('5e844d437669b225496ae0e0','yellow','2020-09-12 15:09:09.667134','2020-09-12 15:09:09.667137','','5e844d43482bed3fe97669da'),('5e844d437669b225496ae0e1','green','2020-09-12 15:09:09.674389','2020-09-12 15:09:09.674393','','5e844d43482bed3fe97669da'),('5e844d437669b225496ae0e2','orange','2020-09-12 15:09:09.654210','2020-09-12 15:09:09.654214','','5e844d43482bed3fe97669da'),('5e844d437669b225496ae0eb','blue','2020-09-12 15:09:09.660616','2020-09-12 15:09:09.660620','','5e844d43482bed3fe97669da'),('5e844d437669b225496ae0ec','purple','2020-09-12 15:09:09.681936','2020-09-12 15:09:09.681940','','5e844d43482bed3fe97669da'),('5ea3b1e97669b22549bdc00b','red','2020-09-12 15:04:56.622539','2020-09-12 15:04:56.622540','','5ea3b1e98f7b4c7dc1fbc3b6'),('5ea3b1e97669b22549bdc00d','yellow','2020-09-12 15:04:56.640169','2020-09-12 15:04:56.640170','','5ea3b1e98f7b4c7dc1fbc3b6'),('5ea3b1e97669b22549bdc00e','orange','2020-09-12 15:04:56.627931','2020-09-12 15:04:56.627932','','5ea3b1e98f7b4c7dc1fbc3b6'),('5ea3b1e97669b22549bdc00f','green','2020-09-12 15:04:56.651809','2020-09-12 15:04:56.651811','','5ea3b1e98f7b4c7dc1fbc3b6'),('5ea3b1e97669b22549bdc010','purple','2020-09-12 15:04:56.645783','2020-09-12 15:04:56.645785','','5ea3b1e98f7b4c7dc1fbc3b6'),('5ea3b1e97669b22549bdc012','blue','2020-09-12 15:04:56.635017','2020-09-12 15:04:56.635020','','5ea3b1e98f7b4c7dc1fbc3b6'),('5eab97397669b22549c794ec','green','2020-09-12 15:09:16.768729','2020-09-12 15:09:16.768730','Sprint 1','5eab97395c130f4aba517da0'),('5eab97397669b22549c794ed','orange','2020-09-12 15:09:16.781036','2020-09-12 15:09:16.781037','Sprint 3','5eab97395c130f4aba517da0'),('5eab97397669b22549c794ef','yellow','2020-09-12 15:09:16.775077','2020-09-12 15:09:16.775078','Sprint 2','5eab97395c130f4aba517da0'),('5eab97397669b22549c794f1','purple','2020-09-12 15:09:16.803959','2020-09-12 15:09:16.803960','','5eab97395c130f4aba517da0'),('5eab97397669b22549c794f3','red','2020-09-12 15:09:16.790100','2020-09-12 15:09:16.790102','Misc','5eab97395c130f4aba517da0'),('5eab97397669b22549c794f4','blue','2020-09-12 15:09:16.797639','2020-09-12 15:09:16.797641','','5eab97395c130f4aba517da0'),('5ee4983b08919407976289f1',NULL,'2020-09-12 16:46:12.088762','2020-09-12 16:46:12.088764','testes','5ee0bd5e35ede70ba51fa59a'),('5ee7b5497669b225495da810','green','2020-06-15 17:52:32.054995','2020-06-15 17:52:32.054999','','5ee7b549ee138d16593b535b'),('5ee7b5497669b225495da816','orange','2020-06-15 17:52:32.066891','2020-06-15 17:52:32.066894','','5ee7b549ee138d16593b535b'),('5ee7b5497669b225495da818','yellow','2020-06-15 17:52:32.075095','2020-06-15 17:52:32.075098','','5ee7b549ee138d16593b535b'),('5ee7b5497669b225495da81b','red','2020-06-15 17:52:32.081784','2020-06-15 17:52:32.081787','','5ee7b549ee138d16593b535b'),('5ee7b5497669b225495da81d','purple','2020-06-15 17:52:32.088471','2020-06-15 17:52:32.088475','','5ee7b549ee138d16593b535b'),('5ee7b5497669b225495da81f','blue','2020-06-15 17:52:32.096213','2020-06-15 17:52:32.096216','','5ee7b549ee138d16593b535b'),('5ee7d4d07669b225495f9650','green','2020-06-15 20:07:09.118969','2020-06-15 20:07:09.118975','','5ee7d4d0e4a90a10cf6ceb35'),('5ee7d4d07669b225495f9651','yellow','2020-06-15 20:07:09.140782','2020-06-15 20:07:09.140785','','5ee7d4d0e4a90a10cf6ceb35'),('5ee7d4d07669b225495f9654','orange','2020-06-15 20:07:09.150706','2020-06-15 20:07:09.150710','','5ee7d4d0e4a90a10cf6ceb35'),('5ee7d4d07669b225495f9656','red','2020-06-15 20:07:09.157798','2020-06-15 20:07:09.157802','','5ee7d4d0e4a90a10cf6ceb35'),('5ee7d4d07669b225495f9658','purple','2020-06-15 20:07:09.165142','2020-06-15 20:07:09.165146','','5ee7d4d0e4a90a10cf6ceb35'),('5ee7d4d07669b225495f9659','blue','2020-06-15 20:07:09.172197','2020-06-15 20:07:09.172200','','5ee7d4d0e4a90a10cf6ceb35'),('5ee7d560904e87427e0a1485','green','2020-09-12 15:10:16.124422','2020-09-12 15:10:16.124423','This is a green label','5ee7d560904e87427e0a1464'),('5ee7d560904e87427e0a1487','blue','2020-09-12 15:10:16.130200','2020-09-12 15:10:16.130201','','5ee7d560904e87427e0a1464'),('5ee7d560904e87427e0a1489','purple','2020-09-12 15:10:16.135332','2020-09-12 15:10:16.135334','','5ee7d560904e87427e0a1464'),('5ee7d560904e87427e0a148b','red','2020-09-12 15:10:16.142129','2020-09-12 15:10:16.142130','','5ee7d560904e87427e0a1464'),('5ee7d560904e87427e0a148d','orange','2020-09-12 15:10:16.149530','2020-09-12 15:10:16.149532','','5ee7d560904e87427e0a1464'),('5ee7d560904e87427e0a148f','yellow','2020-09-12 15:10:16.155951','2020-09-12 15:10:16.155952','','5ee7d560904e87427e0a1464');
/*!40000 ALTER TABLE `label` ENABLE KEYS */;
UNLOCK TABLES;

--
-- Table structure for table `list`
--

DROP TABLE IF EXISTS `list`;
/*!40101 SET @saved_cs_client     = @@character_set_client */;
/*!50503 SET character_set_client = utf8mb4 */;
CREATE TABLE `list` (
  `id` varchar(255) NOT NULL,
  `date_created` datetime(6) DEFAULT NULL,
  `date_last_modified` datetime(6) DEFAULT NULL,
  `name` varchar(255) DEFAULT NULL,
  `pos` float DEFAULT NULL,
  `id_board` varchar(255) NOT NULL,
  PRIMARY KEY (`id`),
  KEY `FKaq719nwpxicl5jbtwjx3gbsy6` (`id_board`),
  CONSTRAINT `FKaq719nwpxicl5jbtwjx3gbsy6` FOREIGN KEY (`id_board`) REFERENCES `board` (`id`)
) ENGINE=InnoDB DEFAULT CHARSET=utf8mb4 COLLATE=utf8mb4_0900_ai_ci;
/*!40101 SET character_set_client = @saved_cs_client */;

--
-- Dumping data for table `list`
--

LOCK TABLES `list` WRITE;
/*!40000 ALTER TABLE `list` DISABLE KEYS */;
INSERT INTO `list` VALUES ('58d89302cd53f765b45d1f3b','2020-09-13 12:52:57.004070','2020-09-13 12:52:57.004074','Stuff To Try (this is a list)',65535,'58d89302cd53f765b45d1f3a'),('58d89302cd53f765b45d1f3c','2020-09-13 12:52:57.019656','2020-09-13 12:52:57.019659','tset',131071,'58d89302cd53f765b45d1f3a'),('5b9b100cca1728134ee88b16','2020-09-13 00:02:04.516203','2020-09-13 00:02:04.516206','<-- Draft | META | Publish -->',184191,'5b9b100cca1728134ee88b15'),('5b9b100cca1728134ee88b17','2020-09-13 00:02:04.437563','2020-09-13 00:02:04.437566','Artwork',73727,'5b9b100cca1728134ee88b15'),('5b9b100cca1728134ee88b18','2020-09-13 00:02:04.445493','2020-09-13 00:02:04.445497','IDEAS (need to be refined)',81919,'5b9b100cca1728134ee88b15'),('5b9b100cca1728134ee88b19','2020-09-13 00:02:04.473166','2020-09-13 00:02:04.473169','DRAFT: Design',87039,'5b9b100cca1728134ee88b15'),('5b9b100cca1728134ee88b1a','2020-09-13 00:02:04.464828','2020-09-13 00:02:04.464832','DRAFT: Coding',86015,'5b9b100cca1728134ee88b15'),('5b9b100cca1728134ee88b1b','2020-09-13 00:02:04.508708','2020-09-13 00:02:04.508711','Ready for submitting to GCI',94207,'5b9b100cca1728134ee88b15'),('5b9b100cca1728134ee88b1c','2020-09-13 00:02:04.538630','2020-09-13 00:02:04.538633','Tasks moved to the GCI site',401407,'5b9b100cca1728134ee88b15'),('5b9b100cca1728134ee88b1d','2020-09-13 00:02:04.588286','2020-09-13 00:02:04.588290','\"Volunteer\" task makers!',458751,'5b9b100cca1728134ee88b15'),('5b9b12a5484539133a006dc9','2020-09-13 00:02:04.484020','2020-09-13 00:02:04.484023','DRAFT: Doc / Training',88063,'5b9b100cca1728134ee88b15'),('5b9b12cc027ee465284c3254','2020-09-13 00:02:04.493878','2020-09-13 00:02:04.493881','DRAFT: Quality Assurance',91135,'5b9b100cca1728134ee88b15'),('5b9b12d3e21cdd11a9efbf77','2020-09-13 00:02:04.501326','2020-09-13 00:02:04.501329','DRAFT: Outreach / Research',92671,'5b9b100cca1728134ee88b15'),('5b9b1631baa37632ab957313','2020-09-13 00:02:04.425232','2020-09-13 00:02:04.425235','Reuse for 2018',10239,'5b9b100cca1728134ee88b15'),('5ba850382187887a5ee3aaf4','2020-09-13 00:02:04.456848','2020-09-13 00:02:04.456851','Work In Progress',83967,'5b9b100cca1728134ee88b15'),('5bb0f06bf9698564f444f403','2020-09-13 00:02:04.595595','2020-09-13 00:02:04.595599','TODO: committed task',524287,'5b9b100cca1728134ee88b15'),('5bb10eaaa163492c93420393','2020-09-13 00:02:04.523600','2020-09-13 00:02:04.523603','PUB: Coding',275711,'5b9b100cca1728134ee88b15'),('5bb13fe396623c2292321640','2020-09-13 00:02:04.531071','2020-09-13 00:02:04.531074','PUB: Design',367231,'5b9b100cca1728134ee88b15'),('5bb13feff9698564f44ccc4b','2020-09-13 00:02:04.546101','2020-09-13 00:02:04.546104','PUB: Doc / Training',412991,'5b9b100cca1728134ee88b15'),('5bb13ffda245836ef12b392c','2020-09-13 00:02:04.554572','2020-09-13 00:02:04.554575','PUB: Quality Assurance',435871,'5b9b100cca1728134ee88b15'),('5bb1400605e0cc6f01a9e124','2020-09-13 00:02:04.563474','2020-09-13 00:02:04.563477','PUB: Outreach / Research',447311,'5b9b100cca1728134ee88b15'),('5c1dcf20b1147c160b7ec34b','2020-09-12 15:04:49.923956','2020-09-12 15:04:49.923960','Gestalt on Android',65535,'5c1dceef6f5b3c2a774afdf2'),('5c1dcf2afa44588f267d632e','2020-09-12 15:04:49.930268','2020-09-12 15:04:49.930270','gestalt-module',131071,'5c1dceef6f5b3c2a774afdf2'),('5c1dcf2fa37edf29b713b171','2020-09-12 15:04:49.935933','2020-09-12 15:04:49.935935','gestalt-asset',196607,'5c1dceef6f5b3c2a774afdf2'),('5c1dcf3662853d1b25a153c6','2020-09-12 15:04:49.941895','2020-09-12 15:04:49.941898','gestalt-entity',262143,'5c1dceef6f5b3c2a774afdf2'),('5c1dcf76e7af3e793b5480e7','2020-09-12 15:04:49.976109','2020-09-12 15:04:49.976113','Dagger 2 - Defer for later?',589823,'5c1dceef6f5b3c2a774afdf2'),('5c1dcf7d26d8ce015ef22dd7','2020-09-12 15:04:49.955834','2020-09-12 15:04:49.955837','DestSol integration',393215,'5c1dceef6f5b3c2a774afdf2'),('5c1dcf85041c94531fdd4b43','2020-09-12 15:04:49.961763','2020-09-12 15:04:49.961765','Terasology integration',458751,'5c1dceef6f5b3c2a774afdf2'),('5c1dd00da800223dfde0301d','2020-09-12 15:04:49.949231','2020-09-12 15:04:49.949234','Serialization',360447,'5c1dceef6f5b3c2a774afdf2'),('5c1dd6a465aad12fda66dd51','2020-09-12 15:04:49.916615','2020-09-12 15:04:49.916618','Meta & Intake',32767.5,'5c1dceef6f5b3c2a774afdf2'),('5c1e9dbeeee92f6170a4abeb','2020-09-12 15:05:09.828764','2020-09-12 15:05:09.828766','Modules to hook up that we already have',65535,'5c1e9da3f073f984668f3061'),('5c1e9dd8a3eb482297136530','2020-09-12 15:05:09.834626','2020-09-12 15:05:09.834627','Modules we still need to create, then hook up',131071,'5c1e9da3f073f984668f3061'),('5c1e9de03bfab769f6d865a8','2020-09-12 15:05:09.816052','2020-09-12 15:05:09.816053','JoshariasSurvival - Ready (already in-game)',32767.5,'5c1e9da3f073f984668f3061'),('5c1ea5b3e670cf2d0a8dde81','2020-09-12 15:05:09.839998','2020-09-12 15:05:09.839999','Missing engine support',196607,'5c1e9da3f073f984668f3061'),('5c1ea92c77c66e2e71d6d87e','2020-09-12 15:05:09.821844','2020-09-12 15:05:09.821845','JS - active but need work',49151.2,'5c1e9da3f073f984668f3061'),('5c1eb9958ef29372251f61d1','2020-09-12 15:04:49.967532','2020-09-12 15:04:49.967537','Side projects',524287,'5c1dceef6f5b3c2a774afdf2'),('5da6ffb280d00419145f796a','2020-09-13 00:02:04.580372','2020-09-13 00:02:04.580377','Task was Completed',453031,'5b9b100cca1728134ee88b15'),('5da70003a4f3d68a8d822ff2','2020-09-13 00:02:04.571411','2020-09-13 00:02:04.571415','Need to assess if we still want it',450171,'5b9b100cca1728134ee88b15'),('5e844d43482bed3fe97669db','2020-09-12 15:09:09.494868','2020-09-12 15:09:09.494872','Epics',16384,'5e844d43482bed3fe97669da'),('5e844d43482bed3fe97669dc','2020-09-12 15:09:09.569626','2020-09-12 15:09:09.569632','Doing',32768,'5e844d43482bed3fe97669da'),('5e844d43482bed3fe97669dd','2020-09-12 15:09:09.580279','2020-09-12 15:09:09.580284','Done',49152,'5e844d43482bed3fe97669da'),('5e931d737b15be8f0a28cf93','2020-09-12 15:09:09.588224','2020-09-12 15:09:09.588228','Domain Structure',81920,'5e844d43482bed3fe97669da'),('5e931d7ccc03a70e07ae3d81','2020-09-12 15:09:09.595067','2020-09-12 15:09:09.595069','Alternative Software',147456,'5e844d43482bed3fe97669da'),('5e931d87b6c4923822b30cab','2020-09-12 15:09:09.601987','2020-09-12 15:09:09.601991','Vision Statement',212992,'5e844d43482bed3fe97669da'),('5e931d8d539e7f8b326f134b','2020-09-12 15:09:09.610674','2020-09-12 15:09:09.610678','Video Presentation',278528,'5e844d43482bed3fe97669da'),('5eabd1d35d2a10353e584d07','2020-09-12 15:09:16.313311','2020-09-12 15:09:16.313315','User Stories',65535,'5eab97395c130f4aba517da0'),('5eb26bbabf2adb3774eebc41','2020-09-12 15:09:16.328219','2020-09-12 15:09:16.328222','To Do',131071,'5eab97395c130f4aba517da0'),('5eb26be305dd244c1f57124f','2020-09-12 15:09:16.334337','2020-09-12 15:09:16.334339','Doing',196607,'5eab97395c130f4aba517da0'),('5eb26be627ed053574cd1893','2020-09-12 15:09:16.354692','2020-09-12 15:09:16.354696','PI One',262143,'5eab97395c130f4aba517da0'),('5eb26cd0a519d71f1863e0ff','2020-09-12 15:09:16.339512','2020-09-12 15:09:16.339515','To Test',229375,'5eab97395c130f4aba517da0'),('5ede1fe014b2b8325c08a4cc','2020-09-12 15:09:16.321986','2020-09-12 15:09:16.321990','Backlog',98303,'5eab97395c130f4aba517da0'),('5ee0bd5e35ede70ba51fa59b','2020-09-12 16:46:12.042965','2020-09-12 16:46:12.042967','To Do',16384,'5ee0bd5e35ede70ba51fa59a'),('5ee0bd5e35ede70ba51fa59c','2020-09-12 16:46:12.050198','2020-09-12 16:46:12.050200','Doing',32768,'5ee0bd5e35ede70ba51fa59a'),('5ee0bd5e35ede70ba51fa59d','2020-09-12 16:46:12.057810','2020-09-12 16:46:12.057811','Done',49152,'5ee0bd5e35ede70ba51fa59a'),('5ee4982f6ac94b594c3aea0a','2020-09-12 16:46:12.064164','2020-09-12 16:46:12.064166','Test',65535,'5ee0bd5e35ede70ba51fa59a'),('5ee4a623dbb47c499a6f4c8f','2020-09-12 16:46:12.070525','2020-09-12 16:46:12.070526','number 2',131071,'5ee0bd5e35ede70ba51fa59a'),('5ee62e38546dea7d16ba88e9','2020-09-13 12:52:57.030154','2020-09-13 12:52:57.030157','wd',196607,'58d89302cd53f765b45d1f3a'),('5ee635696ac94b594c623837','2020-09-13 12:52:57.039504','2020-09-13 12:52:57.039506','newCard',262143,'58d89302cd53f765b45d1f3a'),('5ee7d560904e87427e0a1465','2020-09-12 15:10:16.005343','2020-09-12 15:10:16.005345','Stuff To Try (this is a list)',65535,'5ee7d560904e87427e0a1464'),('5ee7d560904e87427e0a1466','2020-09-12 15:10:16.020935','2020-09-12 15:10:16.020936','tset',131071,'5ee7d560904e87427e0a1464'),('5ee7d560904e87427e0a1467','2020-09-12 15:10:16.014268','2020-09-12 15:10:16.014269','wd',114687,'5ee7d560904e87427e0a1464'),('5ee7d560904e87427e0a1468','2020-09-12 15:10:16.043503','2020-09-12 15:10:16.043505','newCard',262143,'5ee7d560904e87427e0a1464'),('5f3b7bf028cb673d1fa1adde','2020-09-12 15:09:16.346709','2020-09-12 15:09:16.346713','Done',245759,'5eab97395c130f4aba517da0'),('5f5c575151fbec713428deb7','2020-09-12 15:10:16.026901','2020-09-12 15:10:16.026902','new list',163839,'5ee7d560904e87427e0a1464'),('5f5c575cd155993b6f023802','2020-09-12 15:10:16.050298','2020-09-12 15:10:16.050299','list two',327679,'5ee7d560904e87427e0a1464'),('5f5c5762e82773415a6b7043','2020-09-12 15:10:16.038300','2020-09-12 15:10:16.038302','foo',229375,'5ee7d560904e87427e0a1464'),('5f5c57638ae0615ed283f1b7','2020-09-12 15:10:16.031772','2020-09-12 15:10:16.031774','bar',163839,'5ee7d560904e87427e0a1464');
/*!40000 ALTER TABLE `list` ENABLE KEYS */;
UNLOCK TABLES;

--
-- Table structure for table `member`
--

DROP TABLE IF EXISTS `member`;
/*!40101 SET @saved_cs_client     = @@character_set_client */;
/*!50503 SET character_set_client = utf8mb4 */;
CREATE TABLE `member` (
  `id` varchar(255) NOT NULL,
  `date_created` datetime(6) DEFAULT NULL,
  `date_last_modified` datetime(6) DEFAULT NULL,
  `email` varchar(255) DEFAULT NULL,
  `full_name` varchar(255) DEFAULT NULL,
  `member_type` varchar(255) DEFAULT NULL,
  PRIMARY KEY (`id`)
) ENGINE=InnoDB DEFAULT CHARSET=utf8mb4 COLLATE=utf8mb4_0900_ai_ci;
/*!40101 SET character_set_client = @saved_cs_client */;

--
-- Dumping data for table `member`
--

LOCK TABLES `member` WRITE;
/*!40000 ALTER TABLE `member` DISABLE KEYS */;
INSERT INTO `member` VALUES ('4ef36b6efe1494e1350203a6','2020-09-12 15:05:10.101870','2020-09-12 15:05:10.101872',NULL,'Brylie Oxley','normal'),('4f2777a3114e3e040db37fd2','2020-09-13 00:02:07.769004','2020-09-13 00:02:07.769005',NULL,'pollend','normal'),('4f91ea5fbb05fe8c59b4da28','2020-09-13 00:02:07.689346','2020-09-13 00:02:07.689348',NULL,'casals','normal'),('50095233f62adbe04d935195','2020-09-13 12:52:57.237450','2020-09-13 12:52:57.237452',NULL,'Taco','normal'),('520ebec2a71cbe9968002c67','2020-09-13 00:02:07.797260','2020-09-13 00:02:07.797262',NULL,'Rasmus Praestholm','normal'),('522681cfc8d693e455001761','2020-09-12 15:05:10.118850','2020-09-12 15:05:10.118851',NULL,'Waterpicker','normal'),('53a1ba522d5f537ccdd2e097','2020-09-13 00:02:07.834194','2020-09-13 00:02:07.834195',NULL,'Scott M. Sunarto','normal'),('559072935f627855f4f44f3e','2020-09-13 00:02:07.749858','2020-09-13 00:02:07.749859',NULL,'Qwertygiy','normal'),('5659beeaddf4aecea9249f97','2020-09-13 00:02:07.736526','2020-09-13 00:02:07.736527',NULL,'JDR','normal'),('565b604569bd20130b03254b','2020-09-13 00:02:07.841339','2020-09-13 00:02:07.841341',NULL,'Skaldarnar','normal'),('5675a440ec84acf160885c45','2020-09-13 00:02:07.729972','2020-09-13 00:02:07.729973',NULL,'Isaac','normal'),('56a5c739cb13ab7b31e60515','2020-09-13 00:02:07.743154','2020-09-13 00:02:07.743156',NULL,'Kartikey Agrawal','normal'),('56bdddade92904d1e63fbaee','2020-09-13 00:02:07.676936','2020-09-13 00:02:07.676937',NULL,'Arav Singhal','normal'),('56ef1abdcced671358a595fa','2020-09-13 00:02:07.790122','2020-09-13 00:02:07.790123',NULL,'Nihal Singh','normal'),('571113c0ddd3dffc53045aa3','2020-09-13 00:02:07.756293','2020-09-13 00:02:07.756294',NULL,'Lucas Vieira','normal'),('57f43d99c87458e77ee81db3','2020-09-13 00:02:07.716065','2020-09-13 00:02:07.716066',NULL,'AvaLanCS','normal'),('5845c9293144630b60abc927','2020-09-13 00:02:07.869852','2020-09-13 00:02:07.869853',NULL,'iaronaraujo','normal'),('587abf1c9e043cabd2fd5ea8','2020-09-13 00:02:07.862832','2020-09-13 00:02:07.862834',NULL,'Thomas O\'Keeffe','normal'),('587f805e20be164efe98e811','2020-09-13 00:02:07.762890','2020-09-13 00:02:07.762891',NULL,'Mandar Juvekar','normal'),('58d89301cd53f765b45d1f32','2020-09-13 12:52:57.204428','2020-09-13 12:52:57.204431',NULL,'jellysnake','normal'),('59370b001e881c261428d8bb','2020-09-12 15:04:50.411514','2020-09-12 15:04:50.411516',NULL,'Adam Kenyon','normal'),('596051e2d4a9b2d11c63bc4f','2020-09-13 00:02:07.885207','2020-09-13 00:02:07.885209',NULL,'vampcat','normal'),('598ac81714587220e18d7cdc','2020-09-12 16:46:12.121067','2020-09-12 16:46:12.121068',NULL,'Kenny Huynh','normal'),('59ae615a696cdcd0e6494982','2020-09-13 00:02:07.827948','2020-09-13 00:02:07.827949',NULL,'Sarthak Khandelwal','normal'),('5a6212b8e22e2f760f2af003','2020-09-13 00:02:07.662426','2020-09-13 00:02:07.662427',NULL,'Adrijaned','normal'),('5a9a45baa607b685d421a695','2020-09-13 00:02:07.782973','2020-09-13 00:02:07.782974',NULL,'Neil Moon','normal'),('5abbc3b42006f8f88335ca49','2020-09-13 00:02:07.683172','2020-09-13 00:02:07.683173',NULL,'Arpit Kamboj','normal'),('5accdb26a1ed9be25b491618','2020-09-13 00:02:07.877829','2020-09-13 00:02:07.877830',NULL,'l0ftyWhizZ','normal'),('5adb899cf7d312db5a62552c','2020-09-13 00:02:07.855400','2020-09-13 00:02:07.855401',NULL,'Tejas Tank','normal'),('5af084b8d1eed51ce894ac29','2020-09-13 00:02:07.775952','2020-09-13 00:02:07.775953',NULL,'Naman Tiwari','normal'),('5b017dbd261228c37bd4ce4c','2020-09-13 00:02:07.848232','2020-09-13 00:02:07.848234',NULL,'Soundwave','normal'),('5b6d3eb1bd522d646105cdd7','2020-09-12 15:09:17.052725','2020-09-12 15:09:17.052726',NULL,'Elise','normal'),('5b6d490fee6abe7502f01b08','2020-09-12 15:04:56.673244','2020-09-12 15:04:56.673245',NULL,'Sriram Viswanathan','normal'),('5b73d806fda5bc29d20beb47','2020-09-12 15:09:17.058543','2020-09-12 15:09:17.058545',NULL,'Joshua de Luca','normal'),('5b7cb0e4c2e58b08a128b7fc','2020-09-12 15:09:17.070862','2020-09-12 15:09:17.070864',NULL,'Priyanka Saxena','normal'),('5bcaf9208a1b09652e06f735','2020-09-13 00:02:07.723470','2020-09-13 00:02:07.723471',NULL,'GCI Syncer Bot','normal'),('5c1dd04713064445e61e8dbc','2020-09-12 15:04:50.446692','2020-09-12 15:04:50.446693',NULL,'Immortius','normal'),('5e844d79813c145d5bdec037','2020-09-12 16:53:48.019132','2020-09-12 16:53:48.019133','Fake Email','Fake Name','Fake Type'),('5e844e6eeb84e9663e07e3e8','2020-09-12 15:09:17.046854','2020-09-12 15:09:17.046855',NULL,'Chee Chin Chan','normal'),('5ea3b26f68a6ab19963c8e7c','2020-09-12 15:04:56.657334','2020-09-12 15:04:56.657335',NULL,'Aryaman Singh','normal');
/*!40000 ALTER TABLE `member` ENABLE KEYS */;
UNLOCK TABLES;
/*!40103 SET TIME_ZONE=@OLD_TIME_ZONE */;

/*!40101 SET SQL_MODE=@OLD_SQL_MODE */;
/*!40014 SET FOREIGN_KEY_CHECKS=@OLD_FOREIGN_KEY_CHECKS */;
/*!40014 SET UNIQUE_CHECKS=@OLD_UNIQUE_CHECKS */;
/*!40101 SET CHARACTER_SET_CLIENT=@OLD_CHARACTER_SET_CLIENT */;
/*!40101 SET CHARACTER_SET_RESULTS=@OLD_CHARACTER_SET_RESULTS */;
/*!40101 SET COLLATION_CONNECTION=@OLD_COLLATION_CONNECTION */;
/*!40111 SET SQL_NOTES=@OLD_SQL_NOTES */;

-- Dump completed on 2020-09-13 14:05:55
